index,northing,easting,time,stakes,zones,aspect,slope,depths,watershed
48,464644.0,5262449.0,2022-11-25,S655,Upland,259.7763,6.629145,0.0,S6
49,464644.0,5262449.0,2022-12-02,S655,Upland,259.7763,6.629145,5.5,S6
50,464644.0,5262449.0,2022-12-30,S655,Upland,259.7763,6.629145,31.0,S6
51,464644.0,5262449.0,2023-01-05,S655,Upland,259.7763,6.629145,29.0,S6
52,464644.0,5262449.0,2023-01-13,S655,Upland,259.7763,6.629145,32.0,S6
53,464644.0,5262449.0,2023-01-20,S655,Upland,259.7763,6.629145,32.5,S6
54,464644.0,5262449.0,2023-02-01,S655,Upland,259.7763,6.629145,28.0,S6
55,464644.0,5262449.0,2023-02-10,S655,Upland,259.7763,6.629145,34.0,S6
56,464644.0,5262449.0,2023-02-17,S655,Upland,259.7763,6.629145,27.0,S6
57,464644.0,5262449.0,2023-02-24,S655,Upland,259.7763,6.629145,35.0,S6
58,464644.0,5262449.0,2023-03-09,S655,Upland,259.7763,6.629145,41.0,S6
59,464644.0,5262449.0,2023-03-17,S655,Upland,259.7763,6.629145,47.0,S6
60,464644.0,5262449.0,2023-03-24,S655,Upland,259.7763,6.629145,60.0,S6
61,464644.0,5262449.0,2023-03-31,S655,Upland,259.7763,6.629145,47.0,S6
62,464644.0,5262449.0,2023-04-14,S655,Upland,259.7763,6.629145,21.0,S6
63,464644.0,5262449.0,2023-04-28,S655,Upland,259.7763,6.629145,8.0,S6
64,464644.0,5262449.0,2023-05-05,S655,Upland,259.7763,6.629145,0.0,S6
65,464644.0,5262449.0,2023-12-01,S655,Upland,259.7763,6.629145,0.0,S6
66,464644.0,5262449.0,2024-01-22,S655,Upland,259.7763,6.629145,9.0,S6
67,464644.0,5262449.0,2024-01-31,S655,Upland,259.7763,6.629145,6.0,S6
68,464644.0,5262449.0,2024-02-01,S655,Upland,259.7763,6.629145,0.5,S6
69,464644.0,5262449.0,2024-02-09,S655,Upland,259.7763,6.629145,0.5,S6
70,464644.0,5262449.0,2024-02-15,S655,Upland,259.7763,6.629145,1.0,S6
71,464644.0,5262449.0,2024-02-21,S655,Upland,259.7763,6.629145,0.5,S6
72,464644.0,5262449.0,2024-03-01,S655,Upland,259.7763,6.629145,0.5,S6
73,464644.0,5262449.0,2024-03-06,S655,Upland,259.7763,6.629145,0.0,S6
74,464644.0,5262449.0,2024-03-13,S655,Upland,259.7763,6.629145,0.0,S6
75,464644.0,5262449.0,2024-03-21,S655,Upland,259.7763,6.629145,0.0,S6
76,464644.0,5262449.0,2024-03-29,S655,Upland,259.7763,6.629145,17.0,S6
77,464644.0,5262449.0,2024-04-03,S655,Upland,259.7763,6.629145,8.0,S6
78,464644.0,5262449.0,2024-04-11,S655,Upland,259.7763,6.629145,0.0,S6
79,464644.0,5262449.0,2024-04-19,S655,Upland,259.7763,6.629145,0.0,S6
80,464644.0,5262449.0,2024-12-04,S655,Upland,259.7763,6.629145,9.0,S6
81,464644.0,5262449.0,2024-12-20,S655,Upland,259.7763,6.629145,12.0,S6
82,464644.0,5262449.0,2025-01-06,S655,Upland,259.7763,6.629145,10.0,S6
83,464644.0,5262449.0,2025-01-10,S655,Upland,259.7763,6.629145,10.0,S6
84,464644.0,5262449.0,2025-01-17,S655,Upland,259.7763,6.629145,15.0,S6
85,464644.0,5262449.0,2025-01-24,S655,Upland,259.7763,6.629145,20.0,S6
86,464644.0,5262449.0,2025-01-30,S655,Upland,259.7763,6.629145,19.0,S6
87,464644.0,5262449.0,2025-02-07,S655,Upland,259.7763,6.629145,28.0,S6
88,464644.0,5262449.0,2024-02-14,S655,Upland,259.7763,6.629145,29.0,S6
89,464644.0,5262449.0,2025-02-21,S655,Upland,259.7763,6.629145,27.0,S6
90,464644.0,5262449.0,2025-03-07,S655,Upland,259.7763,6.629145,12.0,S6
91,464644.0,5262449.0,2025-03-13,S655,Upland,259.7763,6.629145,7.0,S6
92,464644.0,5262449.0,2025-03-20,S655,Upland,259.7763,6.629145,4.0,S6
93,464644.0,5262449.0,2025-03-27,S655,Upland,259.7763,6.629145,3.0,S6
94,464644.0,5262449.0,2025-04-04,S655,Upland,259.7763,6.629145,7.0,S6
95,464644.0,5262449.0,2025-04-10,S655,Upland,259.7763,6.629145,5.0,S6
96,464644.0,5262658.0,2022-11-25,S654,Upland,350.3666,1.924451,0.0,S6
97,464644.0,5262658.0,2022-12-02,S654,Upland,350.3666,1.924451,8.0,S6
98,464644.0,5262658.0,2022-12-30,S654,Upland,350.3666,1.924451,38.0,S6
99,464644.0,5262658.0,2023-01-05,S654,Upland,350.3666,1.924451,32.0,S6
100,464644.0,5262658.0,2023-01-13,S654,Upland,350.3666,1.924451,31.0,S6
101,464644.0,5262658.0,2023-01-20,S654,Upland,350.3666,1.924451,36.5,S6
102,464644.0,5262658.0,2023-02-01,S654,Upland,350.3666,1.924451,37.0,S6
103,464644.0,5262658.0,2023-02-10,S654,Upland,350.3666,1.924451,35.0,S6
104,464644.0,5262658.0,2023-02-17,S654,Upland,350.3666,1.924451,33.0,S6
105,464644.0,5262658.0,2023-02-24,S654,Upland,350.3666,1.924451,41.0,S6
106,464644.0,5262658.0,2023-03-09,S654,Upland,350.3666,1.924451,43.0,S6
107,464644.0,5262658.0,2023-03-17,S654,Upland,350.3666,1.924451,53.0,S6
108,464644.0,5262658.0,2023-03-24,S654,Upland,350.3666,1.924451,57.0,S6
109,464644.0,5262658.0,2023-03-31,S654,Upland,350.3666,1.924451,51.0,S6
110,464644.0,5262658.0,2023-04-14,S654,Upland,350.3666,1.924451,9.0,S6
111,464644.0,5262658.0,2023-04-28,S654,Upland,350.3666,1.924451,0.0,S6
112,464644.0,5262658.0,2023-05-05,S654,Upland,350.3666,1.924451,0.0,S6
113,464644.0,5262658.0,2023-12-01,S654,Upland,350.3666,1.924451,0.0,S6
114,464644.0,5262658.0,2024-01-22,S654,Upland,350.3666,1.924451,11.0,S6
115,464644.0,5262658.0,2024-01-31,S654,Upland,350.3666,1.924451,7.0,S6
116,464644.0,5262658.0,2024-02-01,S654,Upland,350.3666,1.924451,0.5,S6
117,464644.0,5262658.0,2024-02-09,S654,Upland,350.3666,1.924451,0.5,S6
118,464644.0,5262658.0,2024-02-15,S654,Upland,350.3666,1.924451,2.0,S6
119,464644.0,5262658.0,2024-02-21,S654,Upland,350.3666,1.924451,0.0,S6
120,464644.0,5262658.0,2024-03-01,S654,Upland,350.3666,1.924451,0.0,S6
121,464644.0,5262658.0,2024-03-06,S654,Upland,350.3666,1.924451,0.0,S6
122,464644.0,5262658.0,2024-03-13,S654,Upland,350.3666,1.924451,0.0,S6
123,464644.0,5262658.0,2024-03-21,S654,Upland,350.3666,1.924451,0.0,S6
124,464644.0,5262658.0,2024-03-29,S654,Upland,350.3666,1.924451,17.0,S6
125,464644.0,5262658.0,2024-04-03,S654,Upland,350.3666,1.924451,6.0,S6
126,464644.0,5262658.0,2024-04-11,S654,Upland,350.3666,1.924451,0.0,S6
127,464644.0,5262658.0,2024-04-19,S654,Upland,350.3666,1.924451,0.0,S6
128,464644.0,5262658.0,2024-12-04,S654,Upland,350.3666,1.924451,10.0,S6
129,464644.0,5262658.0,2024-12-20,S654,Upland,350.3666,1.924451,16.0,S6
130,464644.0,5262658.0,2025-01-06,S654,Upland,350.3666,1.924451,12.0,S6
131,464644.0,5262658.0,2025-01-10,S654,Upland,350.3666,1.924451,12.0,S6
132,464644.0,5262658.0,2025-01-17,S654,Upland,350.3666,1.924451,20.0,S6
133,464644.0,5262658.0,2025-01-24,S654,Upland,350.3666,1.924451,23.0,S6
134,464644.0,5262658.0,2025-01-30,S654,Upland,350.3666,1.924451,23.0,S6
135,464644.0,5262658.0,2025-02-07,S654,Upland,350.3666,1.924451,37.0,S6
136,464644.0,5262658.0,2024-02-14,S654,Upland,350.3666,1.924451,33.0,S6
137,464644.0,5262658.0,2025-02-21,S654,Upland,350.3666,1.924451,34.0,S6
138,464644.0,5262658.0,2025-03-07,S654,Upland,350.3666,1.924451,16.0,S6
139,464644.0,5262658.0,2025-03-13,S654,Upland,350.3666,1.924451,10.0,S6
140,464644.0,5262658.0,2025-03-20,S654,Upland,350.3666,1.924451,2.0,S6
141,464644.0,5262658.0,2025-03-27,S654,Upland,350.3666,1.924451,0.0,S6
142,464644.0,5262658.0,2025-04-04,S654,Upland,350.3666,1.924451,9.0,S6
143,464644.0,5262658.0,2025-04-10,S654,Upland,350.3666,1.924451,0.0,S6
288,464582.2,5262240.0,2022-11-25,S646,Upland,166.1192,3.132299,0.0,S6
289,464582.2,5262240.0,2022-12-02,S646,Upland,166.1192,3.132299,0.0,S6
290,464582.2,5262240.0,2022-12-30,S646,Upland,166.1192,3.132299,28.0,S6
291,464582.2,5262240.0,2023-01-05,S646,Upland,166.1192,3.132299,20.0,S6
292,464582.2,5262240.0,2023-01-13,S646,Upland,166.1192,3.132299,25.0,S6
293,464582.2,5262240.0,2023-01-20,S646,Upland,166.1192,3.132299,27.5,S6
294,464582.2,5262240.0,2023-02-01,S646,Upland,166.1192,3.132299,29.0,S6
295,464582.2,5262240.0,2023-02-10,S646,Upland,166.1192,3.132299,27.0,S6
296,464582.2,5262240.0,2023-02-17,S646,Upland,166.1192,3.132299,27.0,S6
297,464582.2,5262240.0,2023-02-24,S646,Upland,166.1192,3.132299,34.0,S6
298,464582.2,5262240.0,2023-03-09,S646,Upland,166.1192,3.132299,31.0,S6
299,464582.2,5262240.0,2023-03-17,S646,Upland,166.1192,3.132299,42.0,S6
300,464582.2,5262240.0,2023-03-24,S646,Upland,166.1192,3.132299,38.0,S6
301,464582.2,5262240.0,2023-03-31,S646,Upland,166.1192,3.132299,34.0,S6
302,464582.2,5262240.0,2023-04-14,S646,Upland,166.1192,3.132299,0.0,S6
303,464582.2,5262240.0,2023-04-28,S646,Upland,166.1192,3.132299,0.0,S6
304,464582.2,5262240.0,2023-05-05,S646,Upland,166.1192,3.132299,0.0,S6
305,464582.2,5262240.0,2023-12-01,S646,Upland,166.1192,3.132299,0.0,S6
306,464582.2,5262240.0,2024-01-22,S646,Upland,166.1192,3.132299,9.0,S6
307,464582.2,5262240.0,2024-01-31,S646,Upland,166.1192,3.132299,4.0,S6
308,464582.2,5262240.0,2024-02-01,S646,Upland,166.1192,3.132299,0.5,S6
309,464582.2,5262240.0,2024-02-09,S646,Upland,166.1192,3.132299,0.5,S6
310,464582.2,5262240.0,2024-02-15,S646,Upland,166.1192,3.132299,0.5,S6
311,464582.2,5262240.0,2024-02-21,S646,Upland,166.1192,3.132299,0.0,S6
312,464582.2,5262240.0,2024-03-01,S646,Upland,166.1192,3.132299,0.5,S6
313,464582.2,5262240.0,2024-03-06,S646,Upland,166.1192,3.132299,0.0,S6
314,464582.2,5262240.0,2024-03-13,S646,Upland,166.1192,3.132299,0.0,S6
315,464582.2,5262240.0,2024-03-21,S646,Upland,166.1192,3.132299,0.0,S6
316,464582.2,5262240.0,2024-03-29,S646,Upland,166.1192,3.132299,20.0,S6
317,464582.2,5262240.0,2024-04-03,S646,Upland,166.1192,3.132299,8.0,S6
318,464582.2,5262240.0,2024-04-11,S646,Upland,166.1192,3.132299,0.0,S6
319,464582.2,5262240.0,2024-04-19,S646,Upland,166.1192,3.132299,0.0,S6
320,464582.2,5262240.0,2024-12-04,S646,Upland,166.1192,3.132299,11.0,S6
321,464582.2,5262240.0,2024-12-20,S646,Upland,166.1192,3.132299,10.0,S6
322,464582.2,5262240.0,2025-01-06,S646,Upland,166.1192,3.132299,6.0,S6
323,464582.2,5262240.0,2025-01-10,S646,Upland,166.1192,3.132299,8.0,S6
324,464582.2,5262240.0,2025-01-17,S646,Upland,166.1192,3.132299,13.0,S6
325,464582.2,5262240.0,2025-01-24,S646,Upland,166.1192,3.132299,18.0,S6
326,464582.2,5262240.0,2025-01-30,S646,Upland,166.1192,3.132299,11.0,S6
327,464582.2,5262240.0,2025-02-07,S646,Upland,166.1192,3.132299,24.0,S6
328,464582.2,5262240.0,2024-02-14,S646,Upland,166.1192,3.132299,21.0,S6
329,464582.2,5262240.0,2025-02-21,S646,Upland,166.1192,3.132299,24.0,S6
330,464582.2,5262240.0,2025-03-07,S646,Upland,166.1192,3.132299,7.0,S6
331,464582.2,5262240.0,2025-03-13,S646,Upland,166.1192,3.132299,0.0,S6
332,464582.2,5262240.0,2025-03-20,S646,Upland,166.1192,3.132299,0.0,S6
333,464582.2,5262240.0,2025-03-27,S646,Upland,166.1192,3.132299,0.0,S6
334,464582.2,5262240.0,2025-04-04,S646,Upland,166.1192,3.132299,9.0,S6
335,464582.2,5262240.0,2025-04-10,S646,Upland,166.1192,3.132299,0.0,S6
336,464582.2,5262449.0,2022-11-25,S645,Bog,154.9844,0.592828,0.0,S6
337,464582.2,5262449.0,2022-12-02,S645,Bog,154.9844,0.592828,3.0,S6
338,464582.2,5262449.0,2022-12-30,S645,Bog,154.9844,0.592828,33.0,S6
339,464582.2,5262449.0,2023-01-05,S645,Bog,154.9844,0.592828,36.0,S6
340,464582.2,5262449.0,2023-01-13,S645,Bog,154.9844,0.592828,28.0,S6
341,464582.2,5262449.0,2023-01-20,S645,Bog,154.9844,0.592828,36.0,S6
342,464582.2,5262449.0,2023-02-01,S645,Bog,154.9844,0.592828,37.0,S6
343,464582.2,5262449.0,2023-02-10,S645,Bog,154.9844,0.592828,35.0,S6
344,464582.2,5262449.0,2023-02-17,S645,Bog,154.9844,0.592828,27.0,S6
345,464582.2,5262449.0,2023-02-24,S645,Bog,154.9844,0.592828,41.0,S6
346,464582.2,5262449.0,2023-03-09,S645,Bog,154.9844,0.592828,29.0,S6
347,464582.2,5262449.0,2023-03-17,S645,Bog,154.9844,0.592828,47.0,S6
348,464582.2,5262449.0,2023-03-24,S645,Bog,154.9844,0.592828,39.0,S6
349,464582.2,5262449.0,2023-03-31,S645,Bog,154.9844,0.592828,36.0,S6
350,464582.2,5262449.0,2023-04-14,S645,Bog,154.9844,0.592828,14.0,S6
351,464582.2,5262449.0,2023-04-28,S645,Bog,154.9844,0.592828,0.0,S6
352,464582.2,5262449.0,2023-05-05,S645,Bog,154.9844,0.592828,0.0,S6
353,464582.2,5262449.0,2023-12-01,S645,Bog,154.9844,0.592828,0.0,S6
354,464582.2,5262449.0,2024-01-22,S645,Bog,154.9844,0.592828,12.0,S6
355,464582.2,5262449.0,2024-01-31,S645,Bog,154.9844,0.592828,5.0,S6
356,464582.2,5262449.0,2024-02-01,S645,Bog,154.9844,0.592828,0.5,S6
357,464582.2,5262449.0,2024-02-09,S645,Bog,154.9844,0.592828,0.5,S6
358,464582.2,5262449.0,2024-02-15,S645,Bog,154.9844,0.592828,0.5,S6
359,464582.2,5262449.0,2024-02-21,S645,Bog,154.9844,0.592828,0.0,S6
360,464582.2,5262449.0,2024-03-01,S645,Bog,154.9844,0.592828,0.0,S6
361,464582.2,5262449.0,2024-03-06,S645,Bog,154.9844,0.592828,0.0,S6
362,464582.2,5262449.0,2024-03-13,S645,Bog,154.9844,0.592828,0.0,S6
363,464582.2,5262449.0,2024-03-21,S645,Bog,154.9844,0.592828,0.0,S6
364,464582.2,5262449.0,2024-03-29,S645,Bog,154.9844,0.592828,17.0,S6
365,464582.2,5262449.0,2024-04-03,S645,Bog,154.9844,0.592828,6.0,S6
366,464582.2,5262449.0,2024-04-11,S645,Bog,154.9844,0.592828,0.0,S6
367,464582.2,5262449.0,2024-04-19,S645,Bog,154.9844,0.592828,0.0,S6
368,464582.2,5262449.0,2024-12-04,S645,Bog,154.9844,0.592828,11.0,S6
369,464582.2,5262449.0,2024-12-20,S645,Bog,154.9844,0.592828,16.0,S6
370,464582.2,5262449.0,2025-01-06,S645,Bog,154.9844,0.592828,11.0,S6
371,464582.2,5262449.0,2025-01-10,S645,Bog,154.9844,0.592828,14.0,S6
372,464582.2,5262449.0,2025-01-17,S645,Bog,154.9844,0.592828,17.0,S6
373,464582.2,5262449.0,2025-01-24,S645,Bog,154.9844,0.592828,20.0,S6
374,464582.2,5262449.0,2025-01-30,S645,Bog,154.9844,0.592828,19.0,S6
375,464582.2,5262449.0,2025-02-07,S645,Bog,154.9844,0.592828,32.0,S6
376,464582.2,5262449.0,2024-02-14,S645,Bog,154.9844,0.592828,29.0,S6
377,464582.2,5262449.0,2025-02-21,S645,Bog,154.9844,0.592828,30.0,S6
378,464582.2,5262449.0,2025-03-07,S645,Bog,154.9844,0.592828,11.0,S6
379,464582.2,5262449.0,2025-03-13,S645,Bog,154.9844,0.592828,0.0,S6
380,464582.2,5262449.0,2025-03-20,S645,Bog,154.9844,0.592828,0.0,S6
381,464582.2,5262449.0,2025-03-27,S645,Bog,154.9844,0.592828,0.0,S6
382,464582.2,5262449.0,2025-04-04,S645,Bog,154.9844,0.592828,10.0,S6
383,464582.2,5262449.0,2025-04-10,S645,Bog,154.9844,0.592828,0.0,S6
384,464582.2,5262658.0,2022-11-25,S644,Upland,226.2777,13.37794,0.0,S6
385,464582.2,5262658.0,2022-12-02,S644,Upland,226.2777,13.37794,0.0,S6
386,464582.2,5262658.0,2022-12-30,S644,Upland,226.2777,13.37794,28.0,S6
387,464582.2,5262658.0,2023-01-05,S644,Upland,226.2777,13.37794,26.0,S6
388,464582.2,5262658.0,2023-01-13,S644,Upland,226.2777,13.37794,28.0,S6
389,464582.2,5262658.0,2023-01-20,S644,Upland,226.2777,13.37794,25.0,S6
390,464582.2,5262658.0,2023-02-01,S644,Upland,226.2777,13.37794,33.0,S6
391,464582.2,5262658.0,2023-02-10,S644,Upland,226.2777,13.37794,31.0,S6
392,464582.2,5262658.0,2023-02-17,S644,Upland,226.2777,13.37794,32.0,S6
393,464582.2,5262658.0,2023-02-24,S644,Upland,226.2777,13.37794,32.0,S6
394,464582.2,5262658.0,2023-03-09,S644,Upland,226.2777,13.37794,30.0,S6
395,464582.2,5262658.0,2023-03-17,S644,Upland,226.2777,13.37794,45.0,S6
396,464582.2,5262658.0,2023-03-24,S644,Upland,226.2777,13.37794,48.0,S6
397,464582.2,5262658.0,2023-03-31,S644,Upland,226.2777,13.37794,32.0,S6
398,464582.2,5262658.0,2023-04-14,S644,Upland,226.2777,13.37794,0.0,S6
399,464582.2,5262658.0,2023-04-28,S644,Upland,226.2777,13.37794,0.0,S6
400,464582.2,5262658.0,2023-05-05,S644,Upland,226.2777,13.37794,0.0,S6
401,464582.2,5262658.0,2023-12-01,S644,Upland,226.2777,13.37794,0.0,S6
402,464582.2,5262658.0,2024-01-22,S644,Upland,226.2777,13.37794,9.0,S6
403,464582.2,5262658.0,2024-01-31,S644,Upland,226.2777,13.37794,6.0,S6
404,464582.2,5262658.0,2024-02-01,S644,Upland,226.2777,13.37794,0.5,S6
405,464582.2,5262658.0,2024-02-09,S644,Upland,226.2777,13.37794,0.5,S6
406,464582.2,5262658.0,2024-02-15,S644,Upland,226.2777,13.37794,0.5,S6
407,464582.2,5262658.0,2024-02-21,S644,Upland,226.2777,13.37794,0.0,S6
408,464582.2,5262658.0,2024-03-01,S644,Upland,226.2777,13.37794,0.0,S6
409,464582.2,5262658.0,2024-03-06,S644,Upland,226.2777,13.37794,0.0,S6
410,464582.2,5262658.0,2024-03-13,S644,Upland,226.2777,13.37794,0.0,S6
411,464582.2,5262658.0,2024-03-21,S644,Upland,226.2777,13.37794,0.0,S6
412,464582.2,5262658.0,2024-03-29,S644,Upland,226.2777,13.37794,18.0,S6
413,464582.2,5262658.0,2024-04-03,S644,Upland,226.2777,13.37794,9.0,S6
414,464582.2,5262658.0,2024-04-11,S644,Upland,226.2777,13.37794,0.0,S6
415,464582.2,5262658.0,2024-04-19,S644,Upland,226.2777,13.37794,0.0,S6
416,464582.2,5262658.0,2024-12-04,S644,Upland,226.2777,13.37794,8.0,S6
417,464582.2,5262658.0,2024-12-20,S644,Upland,226.2777,13.37794,15.0,S6
418,464582.2,5262658.0,2025-01-06,S644,Upland,226.2777,13.37794,10.0,S6
419,464582.2,5262658.0,2025-01-10,S644,Upland,226.2777,13.37794,11.0,S6
420,464582.2,5262658.0,2025-01-17,S644,Upland,226.2777,13.37794,14.0,S6
421,464582.2,5262658.0,2025-01-24,S644,Upland,226.2777,13.37794,18.0,S6
422,464582.2,5262658.0,2025-01-30,S644,Upland,226.2777,13.37794,16.0,S6
423,464582.2,5262658.0,2025-02-07,S644,Upland,226.2777,13.37794,30.0,S6
424,464582.2,5262658.0,2024-02-14,S644,Upland,226.2777,13.37794,27.0,S6
425,464582.2,5262658.0,2025-02-21,S644,Upland,226.2777,13.37794,28.0,S6
426,464582.2,5262658.0,2025-03-07,S644,Upland,226.2777,13.37794,12.0,S6
427,464582.2,5262658.0,2025-03-13,S644,Upland,226.2777,13.37794,0.0,S6
428,464582.2,5262658.0,2025-03-20,S644,Upland,226.2777,13.37794,0.0,S6
429,464582.2,5262658.0,2025-03-27,S644,Upland,226.2777,13.37794,0.0,S6
430,464582.2,5262658.0,2025-04-04,S644,Upland,226.2777,13.37794,8.0,S6
431,464582.2,5262658.0,2025-04-10,S644,Upland,226.2777,13.37794,0.0,S6
432,464582.2,5262867.0,2022-11-25,S643,Upland,203.7467,2.9316,0.0,S6
433,464582.2,5262867.0,2022-12-02,S643,Upland,203.7467,2.9316,5.0,S6
434,464582.2,5262867.0,2022-12-30,S643,Upland,203.7467,2.9316,24.0,S6
435,464582.2,5262867.0,2023-01-05,S643,Upland,203.7467,2.9316,18.0,S6
436,464582.2,5262867.0,2023-01-13,S643,Upland,203.7467,2.9316,25.0,S6
437,464582.2,5262867.0,2023-01-20,S643,Upland,203.7467,2.9316,27.0,S6
438,464582.2,5262867.0,2023-02-01,S643,Upland,203.7467,2.9316,32.0,S6
439,464582.2,5262867.0,2023-02-10,S643,Upland,203.7467,2.9316,28.0,S6
440,464582.2,5262867.0,2023-02-17,S643,Upland,203.7467,2.9316,27.0,S6
441,464582.2,5262867.0,2023-02-24,S643,Upland,203.7467,2.9316,29.0,S6
442,464582.2,5262867.0,2023-03-09,S643,Upland,203.7467,2.9316,30.0,S6
443,464582.2,5262867.0,2023-03-17,S643,Upland,203.7467,2.9316,43.0,S6
444,464582.2,5262867.0,2023-03-24,S643,Upland,203.7467,2.9316,51.0,S6
445,464582.2,5262867.0,2023-03-31,S643,Upland,203.7467,2.9316,46.0,S6
446,464582.2,5262867.0,2023-04-14,S643,Upland,203.7467,2.9316,9.0,S6
447,464582.2,5262867.0,2023-04-28,S643,Upland,203.7467,2.9316,0.0,S6
448,464582.2,5262867.0,2023-05-05,S643,Upland,203.7467,2.9316,0.0,S6
449,464582.2,5262867.0,2023-12-01,S643,Upland,203.7467,2.9316,0.0,S6
450,464582.2,5262867.0,2024-01-22,S643,Upland,203.7467,2.9316,10.0,S6
451,464582.2,5262867.0,2024-01-31,S643,Upland,203.7467,2.9316,6.0,S6
452,464582.2,5262867.0,2024-02-01,S643,Upland,203.7467,2.9316,0.5,S6
453,464582.2,5262867.0,2024-02-09,S643,Upland,203.7467,2.9316,0.5,S6
454,464582.2,5262867.0,2024-02-15,S643,Upland,203.7467,2.9316,1.0,S6
455,464582.2,5262867.0,2024-02-21,S643,Upland,203.7467,2.9316,0.0,S6
456,464582.2,5262867.0,2024-03-01,S643,Upland,203.7467,2.9316,0.0,S6
457,464582.2,5262867.0,2024-03-06,S643,Upland,203.7467,2.9316,0.0,S6
458,464582.2,5262867.0,2024-03-13,S643,Upland,203.7467,2.9316,0.0,S6
459,464582.2,5262867.0,2024-03-21,S643,Upland,203.7467,2.9316,0.0,S6
460,464582.2,5262867.0,2024-03-29,S643,Upland,203.7467,2.9316,19.0,S6
461,464582.2,5262867.0,2024-04-03,S643,Upland,203.7467,2.9316,11.0,S6
462,464582.2,5262867.0,2024-04-11,S643,Upland,203.7467,2.9316,0.0,S6
463,464582.2,5262867.0,2024-04-19,S643,Upland,203.7467,2.9316,0.0,S6
464,464582.2,5262867.0,2024-12-04,S643,Upland,203.7467,2.9316,9.0,S6
465,464582.2,5262867.0,2024-12-20,S643,Upland,203.7467,2.9316,14.0,S6
466,464582.2,5262867.0,2025-01-06,S643,Upland,203.7467,2.9316,10.0,S6
467,464582.2,5262867.0,2025-01-10,S643,Upland,203.7467,2.9316,11.0,S6
468,464582.2,5262867.0,2025-01-17,S643,Upland,203.7467,2.9316,17.0,S6
469,464582.2,5262867.0,2025-01-24,S643,Upland,203.7467,2.9316,19.0,S6
470,464582.2,5262867.0,2025-01-30,S643,Upland,203.7467,2.9316,16.0,S6
471,464582.2,5262867.0,2025-02-07,S643,Upland,203.7467,2.9316,30.0,S6
472,464582.2,5262867.0,2024-02-14,S643,Upland,203.7467,2.9316,26.0,S6
473,464582.2,5262867.0,2025-02-21,S643,Upland,203.7467,2.9316,28.0,S6
474,464582.2,5262867.0,2025-03-07,S643,Upland,203.7467,2.9316,7.0,S6
475,464582.2,5262867.0,2025-03-13,S643,Upland,203.7467,2.9316,3.0,S6
476,464582.2,5262867.0,2025-03-20,S643,Upland,203.7467,2.9316,0.0,S6
477,464582.2,5262867.0,2025-03-27,S643,Upland,203.7467,2.9316,0.0,S6
478,464582.2,5262867.0,2025-04-04,S643,Upland,203.7467,2.9316,7.0,S6
479,464582.2,5262867.0,2025-04-10,S643,Upland,203.7467,2.9316,3.0,S6
480,464582.2,5263076.0,2022-11-25,S642,Upland,188.4725,1.701028,0.0,S6
481,464582.2,5263076.0,2022-12-02,S642,Upland,188.4725,1.701028,5.0,S6
482,464582.2,5263076.0,2022-12-30,S642,Upland,188.4725,1.701028,35.0,S6
483,464582.2,5263076.0,2023-01-05,S642,Upland,188.4725,1.701028,30.0,S6
485,464582.2,5263076.0,2023-01-20,S642,Upland,188.4725,1.701028,28.0,S6
486,464582.2,5263076.0,2023-02-01,S642,Upland,188.4725,1.701028,34.0,S6
487,464582.2,5263076.0,2023-02-10,S642,Upland,188.4725,1.701028,36.0,S6
488,464582.2,5263076.0,2023-02-17,S642,Upland,188.4725,1.701028,34.0,S6
489,464582.2,5263076.0,2023-02-24,S642,Upland,188.4725,1.701028,42.0,S6
490,464582.2,5263076.0,2023-03-09,S642,Upland,188.4725,1.701028,30.0,S6
491,464582.2,5263076.0,2023-03-17,S642,Upland,188.4725,1.701028,53.0,S6
492,464582.2,5263076.0,2023-03-24,S642,Upland,188.4725,1.701028,57.0,S6
493,464582.2,5263076.0,2023-03-31,S642,Upland,188.4725,1.701028,52.0,S6
494,464582.2,5263076.0,2023-04-14,S642,Upland,188.4725,1.701028,19.0,S6
495,464582.2,5263076.0,2023-04-28,S642,Upland,188.4725,1.701028,7.0,S6
496,464582.2,5263076.0,2023-05-05,S642,Upland,188.4725,1.701028,0.0,S6
497,464582.2,5263076.0,2023-12-01,S642,Upland,188.4725,1.701028,0.0,S6
498,464582.2,5263076.0,2024-01-22,S642,Upland,188.4725,1.701028,9.0,S6
499,464582.2,5263076.0,2024-01-31,S642,Upland,188.4725,1.701028,6.0,S6
500,464582.2,5263076.0,2024-02-01,S642,Upland,188.4725,1.701028,0.5,S6
501,464582.2,5263076.0,2024-02-09,S642,Upland,188.4725,1.701028,0.5,S6
502,464582.2,5263076.0,2024-02-15,S642,Upland,188.4725,1.701028,1.0,S6
503,464582.2,5263076.0,2024-02-21,S642,Upland,188.4725,1.701028,0.0,S6
504,464582.2,5263076.0,2024-03-01,S642,Upland,188.4725,1.701028,0.0,S6
505,464582.2,5263076.0,2024-03-06,S642,Upland,188.4725,1.701028,0.0,S6
506,464582.2,5263076.0,2024-03-13,S642,Upland,188.4725,1.701028,0.0,S6
507,464582.2,5263076.0,2024-03-21,S642,Upland,188.4725,1.701028,0.0,S6
508,464582.2,5263076.0,2024-03-29,S642,Upland,188.4725,1.701028,16.0,S6
509,464582.2,5263076.0,2024-04-03,S642,Upland,188.4725,1.701028,10.0,S6
510,464582.2,5263076.0,2024-04-11,S642,Upland,188.4725,1.701028,0.0,S6
511,464582.2,5263076.0,2024-04-19,S642,Upland,188.4725,1.701028,0.0,S6
512,464582.2,5263076.0,2024-12-04,S642,Upland,188.4725,1.701028,10.0,S6
513,464582.2,5263076.0,2024-12-20,S642,Upland,188.4725,1.701028,16.0,S6
514,464582.2,5263076.0,2025-01-06,S642,Upland,188.4725,1.701028,10.0,S6
515,464582.2,5263076.0,2025-01-10,S642,Upland,188.4725,1.701028,10.0,S6
516,464582.2,5263076.0,2025-01-17,S642,Upland,188.4725,1.701028,16.0,S6
517,464582.2,5263076.0,2025-01-24,S642,Upland,188.4725,1.701028,22.0,S6
518,464582.2,5263076.0,2025-01-30,S642,Upland,188.4725,1.701028,19.0,S6
519,464582.2,5263076.0,2025-02-07,S642,Upland,188.4725,1.701028,32.0,S6
520,464582.2,5263076.0,2024-02-14,S642,Upland,188.4725,1.701028,29.0,S6
521,464582.2,5263076.0,2025-02-21,S642,Upland,188.4725,1.701028,33.0,S6
522,464582.2,5263076.0,2025-03-07,S642,Upland,188.4725,1.701028,12.0,S6
523,464582.2,5263076.0,2025-03-13,S642,Upland,188.4725,1.701028,13.0,S6
524,464582.2,5263076.0,2025-03-20,S642,Upland,188.4725,1.701028,5.0,S6
525,464582.2,5263076.0,2025-03-27,S642,Upland,188.4725,1.701028,3.0,S6
526,464582.2,5263076.0,2025-04-04,S642,Upland,188.4725,1.701028,10.0,S6
527,464582.2,5263076.0,2025-04-10,S642,Upland,188.4725,1.701028,5.0,S6
576,464520.4,5262240.0,2022-11-25,S636,Upland,284.0857,9.7621,0.0,S6
577,464520.4,5262240.0,2022-12-02,S636,Upland,284.0857,9.7621,0.0,S6
578,464520.4,5262240.0,2022-12-30,S636,Upland,284.0857,9.7621,32.0,S6
579,464520.4,5262240.0,2023-01-05,S636,Upland,284.0857,9.7621,25.0,S6
580,464520.4,5262240.0,2023-01-13,S636,Upland,284.0857,9.7621,26.0,S6
581,464520.4,5262240.0,2023-01-20,S636,Upland,284.0857,9.7621,28.0,S6
582,464520.4,5262240.0,2023-02-01,S636,Upland,284.0857,9.7621,34.0,S6
583,464520.4,5262240.0,2023-02-10,S636,Upland,284.0857,9.7621,28.0,S6
584,464520.4,5262240.0,2023-02-17,S636,Upland,284.0857,9.7621,26.0,S6
585,464520.4,5262240.0,2023-02-24,S636,Upland,284.0857,9.7621,25.0,S6
586,464520.4,5262240.0,2023-03-09,S636,Upland,284.0857,9.7621,26.0,S6
587,464520.4,5262240.0,2023-03-17,S636,Upland,284.0857,9.7621,32.0,S6
588,464520.4,5262240.0,2023-03-24,S636,Upland,284.0857,9.7621,34.0,S6
589,464520.4,5262240.0,2023-03-31,S636,Upland,284.0857,9.7621,29.0,S6
590,464520.4,5262240.0,2023-04-14,S636,Upland,284.0857,9.7621,0.0,S6
591,464520.4,5262240.0,2023-04-28,S636,Upland,284.0857,9.7621,0.0,S6
592,464520.4,5262240.0,2023-05-05,S636,Upland,284.0857,9.7621,0.0,S6
593,464520.4,5262240.0,2023-12-01,S636,Upland,284.0857,9.7621,0.0,S6
594,464520.4,5262240.0,2024-01-22,S636,Upland,284.0857,9.7621,9.0,S6
595,464520.4,5262240.0,2024-01-31,S636,Upland,284.0857,9.7621,3.0,S6
596,464520.4,5262240.0,2024-02-01,S636,Upland,284.0857,9.7621,0.5,S6
597,464520.4,5262240.0,2024-02-09,S636,Upland,284.0857,9.7621,0.5,S6
598,464520.4,5262240.0,2024-02-15,S636,Upland,284.0857,9.7621,0.5,S6
599,464520.4,5262240.0,2024-02-21,S636,Upland,284.0857,9.7621,0.0,S6
600,464520.4,5262240.0,2024-03-01,S636,Upland,284.0857,9.7621,0.0,S6
601,464520.4,5262240.0,2024-03-06,S636,Upland,284.0857,9.7621,0.0,S6
602,464520.4,5262240.0,2024-03-13,S636,Upland,284.0857,9.7621,0.0,S6
603,464520.4,5262240.0,2024-03-21,S636,Upland,284.0857,9.7621,0.0,S6
604,464520.4,5262240.0,2024-03-29,S636,Upland,284.0857,9.7621,18.0,S6
605,464520.4,5262240.0,2024-04-03,S636,Upland,284.0857,9.7621,6.0,S6
606,464520.4,5262240.0,2024-04-11,S636,Upland,284.0857,9.7621,0.0,S6
607,464520.4,5262240.0,2024-04-19,S636,Upland,284.0857,9.7621,0.0,S6
608,464520.4,5262240.0,2024-12-04,S636,Upland,284.0857,9.7621,7.0,S6
609,464520.4,5262240.0,2024-12-20,S636,Upland,284.0857,9.7621,14.0,S6
610,464520.4,5262240.0,2025-01-06,S636,Upland,284.0857,9.7621,10.0,S6
611,464520.4,5262240.0,2025-01-10,S636,Upland,284.0857,9.7621,10.0,S6
612,464520.4,5262240.0,2025-01-17,S636,Upland,284.0857,9.7621,15.0,S6
613,464520.4,5262240.0,2025-01-24,S636,Upland,284.0857,9.7621,20.0,S6
614,464520.4,5262240.0,2025-01-30,S636,Upland,284.0857,9.7621,19.0,S6
615,464520.4,5262240.0,2025-02-07,S636,Upland,284.0857,9.7621,29.0,S6
616,464520.4,5262240.0,2024-02-14,S636,Upland,284.0857,9.7621,26.0,S6
617,464520.4,5262240.0,2025-02-21,S636,Upland,284.0857,9.7621,26.0,S6
618,464520.4,5262240.0,2025-03-07,S636,Upland,284.0857,9.7621,7.0,S6
619,464520.4,5262240.0,2025-03-13,S636,Upland,284.0857,9.7621,0.0,S6
620,464520.4,5262240.0,2025-03-20,S636,Upland,284.0857,9.7621,0.0,S6
621,464520.4,5262240.0,2025-03-27,S636,Upland,284.0857,9.7621,0.0,S6
622,464520.4,5262240.0,2025-04-04,S636,Upland,284.0857,9.7621,8.0,S6
623,464520.4,5262240.0,2025-04-10,S636,Upland,284.0857,9.7621,0.0,S6
624,464520.4,5262449.0,2022-11-25,S635,Lagg,23.90763,21.69698,0.0,S6
625,464520.4,5262449.0,2022-12-02,S635,Lagg,23.90763,21.69698,7.5,S6
626,464520.4,5262449.0,2022-12-30,S635,Lagg,23.90763,21.69698,39.0,S6
627,464520.4,5262449.0,2023-01-05,S635,Lagg,23.90763,21.69698,33.5,S6
628,464520.4,5262449.0,2023-01-13,S635,Lagg,23.90763,21.69698,32.0,S6
629,464520.4,5262449.0,2023-01-20,S635,Lagg,23.90763,21.69698,36.0,S6
630,464520.4,5262449.0,2023-02-01,S635,Lagg,23.90763,21.69698,43.0,S6
631,464520.4,5262449.0,2023-02-10,S635,Lagg,23.90763,21.69698,40.0,S6
632,464520.4,5262449.0,2023-02-17,S635,Lagg,23.90763,21.69698,35.0,S6
633,464520.4,5262449.0,2023-02-24,S635,Lagg,23.90763,21.69698,44.0,S6
634,464520.4,5262449.0,2023-03-09,S635,Lagg,23.90763,21.69698,42.0,S6
635,464520.4,5262449.0,2023-03-17,S635,Lagg,23.90763,21.69698,49.0,S6
636,464520.4,5262449.0,2023-03-24,S635,Lagg,23.90763,21.69698,37.0,S6
637,464520.4,5262449.0,2023-03-31,S635,Lagg,23.90763,21.69698,44.0,S6
638,464520.4,5262449.0,2023-04-14,S635,Lagg,23.90763,21.69698,10.0,S6
639,464520.4,5262449.0,2023-04-28,S635,Lagg,23.90763,21.69698,0.0,S6
640,464520.4,5262449.0,2023-05-05,S635,Lagg,23.90763,21.69698,0.0,S6
641,464520.4,5262449.0,2023-12-01,S635,Lagg,23.90763,21.69698,0.0,S6
642,464520.4,5262449.0,2024-01-22,S635,Lagg,23.90763,21.69698,10.0,S6
643,464520.4,5262449.0,2024-01-31,S635,Lagg,23.90763,21.69698,8.0,S6
644,464520.4,5262449.0,2024-02-01,S635,Lagg,23.90763,21.69698,0.5,S6
645,464520.4,5262449.0,2024-02-09,S635,Lagg,23.90763,21.69698,0.5,S6
646,464520.4,5262449.0,2024-02-15,S635,Lagg,23.90763,21.69698,1.0,S6
647,464520.4,5262449.0,2024-02-21,S635,Lagg,23.90763,21.69698,0.0,S6
648,464520.4,5262449.0,2024-03-01,S635,Lagg,23.90763,21.69698,0.5,S6
649,464520.4,5262449.0,2024-03-06,S635,Lagg,23.90763,21.69698,0.0,S6
650,464520.4,5262449.0,2024-03-13,S635,Lagg,23.90763,21.69698,0.0,S6
651,464520.4,5262449.0,2024-03-21,S635,Lagg,23.90763,21.69698,0.0,S6
652,464520.4,5262449.0,2024-03-29,S635,Lagg,23.90763,21.69698,18.0,S6
653,464520.4,5262449.0,2024-04-03,S635,Lagg,23.90763,21.69698,10.0,S6
654,464520.4,5262449.0,2024-04-11,S635,Lagg,23.90763,21.69698,0.0,S6
655,464520.4,5262449.0,2024-04-19,S635,Lagg,23.90763,21.69698,0.0,S6
656,464520.4,5262449.0,2024-12-04,S635,Lagg,23.90763,21.69698,10.0,S6
657,464520.4,5262449.0,2024-12-20,S635,Lagg,23.90763,21.69698,17.0,S6
658,464520.4,5262449.0,2025-01-06,S635,Lagg,23.90763,21.69698,11.0,S6
659,464520.4,5262449.0,2025-01-10,S635,Lagg,23.90763,21.69698,13.0,S6
660,464520.4,5262449.0,2025-01-17,S635,Lagg,23.90763,21.69698,16.0,S6
661,464520.4,5262449.0,2025-01-24,S635,Lagg,23.90763,21.69698,23.0,S6
662,464520.4,5262449.0,2025-01-30,S635,Lagg,23.90763,21.69698,20.0,S6
663,464520.4,5262449.0,2025-02-07,S635,Lagg,23.90763,21.69698,31.0,S6
664,464520.4,5262449.0,2024-02-14,S635,Lagg,23.90763,21.69698,30.0,S6
665,464520.4,5262449.0,2025-02-21,S635,Lagg,23.90763,21.69698,32.0,S6
666,464520.4,5262449.0,2025-03-07,S635,Lagg,23.90763,21.69698,14.0,S6
667,464520.4,5262449.0,2025-03-13,S635,Lagg,23.90763,21.69698,8.0,S6
668,464520.4,5262449.0,2025-03-20,S635,Lagg,23.90763,21.69698,0.5,S6
669,464520.4,5262449.0,2025-03-27,S635,Lagg,23.90763,21.69698,0.0,S6
670,464520.4,5262449.0,2025-04-04,S635,Lagg,23.90763,21.69698,7.0,S6
671,464520.4,5262449.0,2025-04-10,S635,Lagg,23.90763,21.69698,3.0,S6
672,464520.4,5262658.0,2022-11-25,S634,Bog,81.84194,0.253367,0.0,S6
673,464520.4,5262658.0,2022-12-02,S634,Bog,81.84194,0.253367,15.0,S6
674,464520.4,5262658.0,2022-12-30,S634,Bog,81.84194,0.253367,34.0,S6
675,464520.4,5262658.0,2023-01-05,S634,Bog,81.84194,0.253367,39.0,S6
676,464520.4,5262658.0,2023-01-13,S634,Bog,81.84194,0.253367,40.0,S6
677,464520.4,5262658.0,2023-01-20,S634,Bog,81.84194,0.253367,40.0,S6
678,464520.4,5262658.0,2023-02-01,S634,Bog,81.84194,0.253367,45.0,S6
679,464520.4,5262658.0,2023-02-10,S634,Bog,81.84194,0.253367,47.0,S6
680,464520.4,5262658.0,2023-02-17,S634,Bog,81.84194,0.253367,52.0,S6
681,464520.4,5262658.0,2023-02-24,S634,Bog,81.84194,0.253367,54.0,S6
682,464520.4,5262658.0,2023-03-09,S634,Bog,81.84194,0.253367,55.0,S6
683,464520.4,5262658.0,2023-03-17,S634,Bog,81.84194,0.253367,65.0,S6
684,464520.4,5262658.0,2023-03-24,S634,Bog,81.84194,0.253367,71.0,S6
685,464520.4,5262658.0,2023-03-31,S634,Bog,81.84194,0.253367,57.0,S6
686,464520.4,5262658.0,2023-04-14,S634,Bog,81.84194,0.253367,0.0,S6
687,464520.4,5262658.0,2023-04-28,S634,Bog,81.84194,0.253367,17.0,S6
688,464520.4,5262658.0,2023-05-05,S634,Bog,81.84194,0.253367,0.0,S6
689,464520.4,5262658.0,2023-12-01,S634,Bog,81.84194,0.253367,0.0,S6
690,464520.4,5262658.0,2024-01-22,S634,Bog,81.84194,0.253367,14.0,S6
691,464520.4,5262658.0,2024-01-31,S634,Bog,81.84194,0.253367,9.0,S6
692,464520.4,5262658.0,2024-02-01,S634,Bog,81.84194,0.253367,2.0,S6
693,464520.4,5262658.0,2024-02-09,S634,Bog,81.84194,0.253367,2.0,S6
694,464520.4,5262658.0,2024-02-15,S634,Bog,81.84194,0.253367,4.0,S6
695,464520.4,5262658.0,2024-02-21,S634,Bog,81.84194,0.253367,2.0,S6
696,464520.4,5262658.0,2024-03-01,S634,Bog,81.84194,0.253367,0.5,S6
697,464520.4,5262658.0,2024-03-06,S634,Bog,81.84194,0.253367,0.0,S6
698,464520.4,5262658.0,2024-03-13,S634,Bog,81.84194,0.253367,0.0,S6
699,464520.4,5262658.0,2024-03-21,S634,Bog,81.84194,0.253367,0.0,S6
700,464520.4,5262658.0,2024-03-29,S634,Bog,81.84194,0.253367,21.0,S6
701,464520.4,5262658.0,2024-04-03,S634,Bog,81.84194,0.253367,9.0,S6
702,464520.4,5262658.0,2024-04-11,S634,Bog,81.84194,0.253367,0.0,S6
703,464520.4,5262658.0,2024-04-19,S634,Bog,81.84194,0.253367,0.0,S6
704,464520.4,5262658.0,2024-12-04,S634,Bog,81.84194,0.253367,15.0,S6
705,464520.4,5262658.0,2024-12-20,S634,Bog,81.84194,0.253367,23.0,S6
706,464520.4,5262658.0,2025-01-06,S634,Bog,81.84194,0.253367,18.0,S6
707,464520.4,5262658.0,2025-01-10,S634,Bog,81.84194,0.253367,18.0,S6
708,464520.4,5262658.0,2025-01-17,S634,Bog,81.84194,0.253367,25.0,S6
709,464520.4,5262658.0,2025-01-24,S634,Bog,81.84194,0.253367,32.0,S6
710,464520.4,5262658.0,2025-01-30,S634,Bog,81.84194,0.253367,29.0,S6
711,464520.4,5262658.0,2025-02-07,S634,Bog,81.84194,0.253367,35.0,S6
712,464520.4,5262658.0,2024-02-14,S634,Bog,81.84194,0.253367,36.0,S6
713,464520.4,5262658.0,2025-02-21,S634,Bog,81.84194,0.253367,36.0,S6
714,464520.4,5262658.0,2025-03-07,S634,Bog,81.84194,0.253367,22.0,S6
715,464520.4,5262658.0,2025-03-13,S634,Bog,81.84194,0.253367,23.0,S6
716,464520.4,5262658.0,2025-03-20,S634,Bog,81.84194,0.253367,17.0,S6
717,464520.4,5262658.0,2025-03-27,S634,Bog,81.84194,0.253367,10.0,S6
718,464520.4,5262658.0,2025-04-04,S634,Bog,81.84194,0.253367,12.0,S6
719,464520.4,5262658.0,2025-04-10,S634,Bog,81.84194,0.253367,7.0,S6
720,464520.4,5262867.0,2022-11-25,S633,Lagg,214.6792,16.22974,0.0,S6
721,464520.4,5262867.0,2022-12-02,S633,Lagg,214.6792,16.22974,0.0,S6
722,464520.4,5262867.0,2022-12-30,S633,Lagg,214.6792,16.22974,21.0,S6
723,464520.4,5262867.0,2023-01-05,S633,Lagg,214.6792,16.22974,23.0,S6
724,464520.4,5262867.0,2023-01-13,S633,Lagg,214.6792,16.22974,22.0,S6
725,464520.4,5262867.0,2023-01-20,S633,Lagg,214.6792,16.22974,26.0,S6
726,464520.4,5262867.0,2023-02-01,S633,Lagg,214.6792,16.22974,30.0,S6
727,464520.4,5262867.0,2023-02-10,S633,Lagg,214.6792,16.22974,25.0,S6
728,464520.4,5262867.0,2023-02-17,S633,Lagg,214.6792,16.22974,23.0,S6
729,464520.4,5262867.0,2023-02-24,S633,Lagg,214.6792,16.22974,30.0,S6
730,464520.4,5262867.0,2023-03-09,S633,Lagg,214.6792,16.22974,25.0,S6
731,464520.4,5262867.0,2023-03-17,S633,Lagg,214.6792,16.22974,34.0,S6
732,464520.4,5262867.0,2023-03-24,S633,Lagg,214.6792,16.22974,38.0,S6
733,464520.4,5262867.0,2023-03-31,S633,Lagg,214.6792,16.22974,33.0,S6
734,464520.4,5262867.0,2023-04-14,S633,Lagg,214.6792,16.22974,0.0,S6
735,464520.4,5262867.0,2023-04-28,S633,Lagg,214.6792,16.22974,0.0,S6
736,464520.4,5262867.0,2023-05-05,S633,Lagg,214.6792,16.22974,0.0,S6
737,464520.4,5262867.0,2023-12-01,S633,Lagg,214.6792,16.22974,0.0,S6
738,464520.4,5262867.0,2024-01-22,S633,Lagg,214.6792,16.22974,9.0,S6
739,464520.4,5262867.0,2024-01-31,S633,Lagg,214.6792,16.22974,4.0,S6
740,464520.4,5262867.0,2024-02-01,S633,Lagg,214.6792,16.22974,0.5,S6
741,464520.4,5262867.0,2024-02-09,S633,Lagg,214.6792,16.22974,0.5,S6
742,464520.4,5262867.0,2024-02-15,S633,Lagg,214.6792,16.22974,0.5,S6
743,464520.4,5262867.0,2024-02-21,S633,Lagg,214.6792,16.22974,0.0,S6
744,464520.4,5262867.0,2024-03-01,S633,Lagg,214.6792,16.22974,0.0,S6
745,464520.4,5262867.0,2024-03-06,S633,Lagg,214.6792,16.22974,0.0,S6
746,464520.4,5262867.0,2024-03-13,S633,Lagg,214.6792,16.22974,0.0,S6
747,464520.4,5262867.0,2024-03-21,S633,Lagg,214.6792,16.22974,0.0,S6
748,464520.4,5262867.0,2024-03-29,S633,Lagg,214.6792,16.22974,16.0,S6
749,464520.4,5262867.0,2024-04-03,S633,Lagg,214.6792,16.22974,5.0,S6
750,464520.4,5262867.0,2024-04-11,S633,Lagg,214.6792,16.22974,0.0,S6
751,464520.4,5262867.0,2024-04-19,S633,Lagg,214.6792,16.22974,0.0,S6
752,464520.4,5262867.0,2024-12-04,S633,Lagg,214.6792,16.22974,9.0,S6
753,464520.4,5262867.0,2024-12-20,S633,Lagg,214.6792,16.22974,10.0,S6
754,464520.4,5262867.0,2025-01-06,S633,Lagg,214.6792,16.22974,8.0,S6
755,464520.4,5262867.0,2025-01-10,S633,Lagg,214.6792,16.22974,10.0,S6
756,464520.4,5262867.0,2025-01-17,S633,Lagg,214.6792,16.22974,12.0,S6
757,464520.4,5262867.0,2025-01-24,S633,Lagg,214.6792,16.22974,17.0,S6
758,464520.4,5262867.0,2025-01-30,S633,Lagg,214.6792,16.22974,15.0,S6
759,464520.4,5262867.0,2025-02-07,S633,Lagg,214.6792,16.22974,25.0,S6
760,464520.4,5262867.0,2024-02-14,S633,Lagg,214.6792,16.22974,23.0,S6
761,464520.4,5262867.0,2025-02-21,S633,Lagg,214.6792,16.22974,26.0,S6
762,464520.4,5262867.0,2025-03-07,S633,Lagg,214.6792,16.22974,6.0,S6
763,464520.4,5262867.0,2025-03-13,S633,Lagg,214.6792,16.22974,0.0,S6
764,464520.4,5262867.0,2025-03-20,S633,Lagg,214.6792,16.22974,0.0,S6
765,464520.4,5262867.0,2025-03-27,S633,Lagg,214.6792,16.22974,0.0,S6
766,464520.4,5262867.0,2025-04-04,S633,Lagg,214.6792,16.22974,7.0,S6
767,464520.4,5262867.0,2025-04-10,S633,Lagg,214.6792,16.22974,0.0,S6
768,464520.4,5263076.0,2022-11-25,S632,Upland,250.6175,4.093031,0.0,S6
769,464520.4,5263076.0,2022-12-02,S632,Upland,250.6175,4.093031,0.0,S6
770,464520.4,5263076.0,2022-12-30,S632,Upland,250.6175,4.093031,19.0,S6
771,464520.4,5263076.0,2023-01-05,S632,Upland,250.6175,4.093031,20.0,S6
772,464520.4,5263076.0,2023-01-13,S632,Upland,250.6175,4.093031,23.0,S6
773,464520.4,5263076.0,2023-01-20,S632,Upland,250.6175,4.093031,24.0,S6
774,464520.4,5263076.0,2023-02-01,S632,Upland,250.6175,4.093031,26.0,S6
775,464520.4,5263076.0,2023-02-10,S632,Upland,250.6175,4.093031,26.0,S6
776,464520.4,5263076.0,2023-02-17,S632,Upland,250.6175,4.093031,23.0,S6
777,464520.4,5263076.0,2023-02-24,S632,Upland,250.6175,4.093031,28.0,S6
778,464520.4,5263076.0,2023-03-09,S632,Upland,250.6175,4.093031,26.0,S6
779,464520.4,5263076.0,2023-03-17,S632,Upland,250.6175,4.093031,37.0,S6
780,464520.4,5263076.0,2023-03-24,S632,Upland,250.6175,4.093031,40.0,S6
781,464520.4,5263076.0,2023-03-31,S632,Upland,250.6175,4.093031,25.0,S6
782,464520.4,5263076.0,2023-04-14,S632,Upland,250.6175,4.093031,0.0,S6
783,464520.4,5263076.0,2023-04-28,S632,Upland,250.6175,4.093031,0.0,S6
784,464520.4,5263076.0,2023-05-05,S632,Upland,250.6175,4.093031,0.0,S6
785,464520.4,5263076.0,2023-12-01,S632,Upland,250.6175,4.093031,0.0,S6
786,464520.4,5263076.0,2024-01-22,S632,Upland,250.6175,4.093031,7.0,S6
787,464520.4,5263076.0,2024-01-31,S632,Upland,250.6175,4.093031,4.0,S6
788,464520.4,5263076.0,2024-02-01,S632,Upland,250.6175,4.093031,0.5,S6
789,464520.4,5263076.0,2024-02-09,S632,Upland,250.6175,4.093031,0.5,S6
790,464520.4,5263076.0,2024-02-15,S632,Upland,250.6175,4.093031,1.0,S6
791,464520.4,5263076.0,2024-02-21,S632,Upland,250.6175,4.093031,0.0,S6
792,464520.4,5263076.0,2024-03-01,S632,Upland,250.6175,4.093031,0.0,S6
793,464520.4,5263076.0,2024-03-06,S632,Upland,250.6175,4.093031,0.0,S6
794,464520.4,5263076.0,2024-03-13,S632,Upland,250.6175,4.093031,0.0,S6
795,464520.4,5263076.0,2024-03-21,S632,Upland,250.6175,4.093031,0.0,S6
796,464520.4,5263076.0,2024-03-29,S632,Upland,250.6175,4.093031,17.0,S6
797,464520.4,5263076.0,2024-04-03,S632,Upland,250.6175,4.093031,9.0,S6
798,464520.4,5263076.0,2024-04-11,S632,Upland,250.6175,4.093031,0.0,S6
799,464520.4,5263076.0,2024-04-19,S632,Upland,250.6175,4.093031,0.0,S6
800,464520.4,5263076.0,2024-12-04,S632,Upland,250.6175,4.093031,9.0,S6
801,464520.4,5263076.0,2024-12-20,S632,Upland,250.6175,4.093031,8.0,S6
802,464520.4,5263076.0,2025-01-06,S632,Upland,250.6175,4.093031,8.0,S6
803,464520.4,5263076.0,2025-01-10,S632,Upland,250.6175,4.093031,11.0,S6
804,464520.4,5263076.0,2025-01-17,S632,Upland,250.6175,4.093031,12.0,S6
805,464520.4,5263076.0,2025-01-24,S632,Upland,250.6175,4.093031,16.0,S6
806,464520.4,5263076.0,2025-01-30,S632,Upland,250.6175,4.093031,15.0,S6
807,464520.4,5263076.0,2025-02-07,S632,Upland,250.6175,4.093031,24.0,S6
808,464520.4,5263076.0,2024-02-14,S632,Upland,250.6175,4.093031,23.0,S6
809,464520.4,5263076.0,2025-02-21,S632,Upland,250.6175,4.093031,24.0,S6
810,464520.4,5263076.0,2025-03-07,S632,Upland,250.6175,4.093031,6.0,S6
811,464520.4,5263076.0,2025-03-13,S632,Upland,250.6175,4.093031,0.0,S6
812,464520.4,5263076.0,2025-03-20,S632,Upland,250.6175,4.093031,0.0,S6
813,464520.4,5263076.0,2025-03-27,S632,Upland,250.6175,4.093031,0.0,S6
814,464520.4,5263076.0,2025-04-04,S632,Upland,250.6175,4.093031,8.0,S6
815,464520.4,5263076.0,2025-04-10,S632,Upland,250.6175,4.093031,1.0,S6
816,464520.4,5263285.0,2022-11-25,S631,Upland,264.7998,1.186282,0.0,S6
817,464520.4,5263285.0,2022-12-02,S631,Upland,264.7998,1.186282,0.0,S6
818,464520.4,5263285.0,2022-12-30,S631,Upland,264.7998,1.186282,18.0,S6
819,464520.4,5263285.0,2023-01-05,S631,Upland,264.7998,1.186282,19.0,S6
820,464520.4,5263285.0,2023-01-13,S631,Upland,264.7998,1.186282,19.0,S6
821,464520.4,5263285.0,2023-01-20,S631,Upland,264.7998,1.186282,22.0,S6
822,464520.4,5263285.0,2023-02-01,S631,Upland,264.7998,1.186282,22.0,S6
823,464520.4,5263285.0,2023-02-10,S631,Upland,264.7998,1.186282,23.0,S6
824,464520.4,5263285.0,2023-02-17,S631,Upland,264.7998,1.186282,21.0,S6
825,464520.4,5263285.0,2023-02-24,S631,Upland,264.7998,1.186282,26.0,S6
826,464520.4,5263285.0,2023-03-09,S631,Upland,264.7998,1.186282,26.0,S6
827,464520.4,5263285.0,2023-03-17,S631,Upland,264.7998,1.186282,34.0,S6
828,464520.4,5263285.0,2023-03-24,S631,Upland,264.7998,1.186282,40.0,S6
829,464520.4,5263285.0,2023-03-31,S631,Upland,264.7998,1.186282,37.0,S6
830,464520.4,5263285.0,2023-04-14,S631,Upland,264.7998,1.186282,1.0,S6
831,464520.4,5263285.0,2023-04-28,S631,Upland,264.7998,1.186282,0.0,S6
832,464520.4,5263285.0,2023-05-05,S631,Upland,264.7998,1.186282,0.0,S6
833,464520.4,5263285.0,2023-12-01,S631,Upland,264.7998,1.186282,0.0,S6
834,464520.4,5263285.0,2024-01-22,S631,Upland,264.7998,1.186282,8.0,S6
835,464520.4,5263285.0,2024-01-31,S631,Upland,264.7998,1.186282,4.0,S6
836,464520.4,5263285.0,2024-02-01,S631,Upland,264.7998,1.186282,0.5,S6
837,464520.4,5263285.0,2024-02-09,S631,Upland,264.7998,1.186282,0.5,S6
838,464520.4,5263285.0,2024-02-15,S631,Upland,264.7998,1.186282,0.5,S6
839,464520.4,5263285.0,2024-02-21,S631,Upland,264.7998,1.186282,0.5,S6
840,464520.4,5263285.0,2024-03-01,S631,Upland,264.7998,1.186282,0.5,S6
841,464520.4,5263285.0,2024-03-06,S631,Upland,264.7998,1.186282,0.0,S6
842,464520.4,5263285.0,2024-03-13,S631,Upland,264.7998,1.186282,0.0,S6
843,464520.4,5263285.0,2024-03-21,S631,Upland,264.7998,1.186282,0.0,S6
844,464520.4,5263285.0,2024-03-29,S631,Upland,264.7998,1.186282,14.0,S6
845,464520.4,5263285.0,2024-04-03,S631,Upland,264.7998,1.186282,10.0,S6
846,464520.4,5263285.0,2024-04-11,S631,Upland,264.7998,1.186282,0.0,S6
847,464520.4,5263285.0,2024-04-19,S631,Upland,264.7998,1.186282,0.0,S6
848,464520.4,5263285.0,2024-12-04,S631,Upland,264.7998,1.186282,7.0,S6
849,464520.4,5263285.0,2024-12-20,S631,Upland,264.7998,1.186282,9.0,S6
850,464520.4,5263285.0,2025-01-06,S631,Upland,264.7998,1.186282,7.0,S6
851,464520.4,5263285.0,2025-01-10,S631,Upland,264.7998,1.186282,8.0,S6
852,464520.4,5263285.0,2025-01-17,S631,Upland,264.7998,1.186282,11.0,S6
853,464520.4,5263285.0,2025-01-24,S631,Upland,264.7998,1.186282,15.0,S6
854,464520.4,5263285.0,2025-01-30,S631,Upland,264.7998,1.186282,12.0,S6
855,464520.4,5263285.0,2025-02-07,S631,Upland,264.7998,1.186282,23.0,S6
856,464520.4,5263285.0,2024-02-14,S631,Upland,264.7998,1.186282,23.0,S6
857,464520.4,5263285.0,2025-02-21,S631,Upland,264.7998,1.186282,21.0,S6
858,464520.4,5263285.0,2025-03-07,S631,Upland,264.7998,1.186282,10.0,S6
859,464520.4,5263285.0,2025-03-13,S631,Upland,264.7998,1.186282,3.0,S6
860,464520.4,5263285.0,2025-03-20,S631,Upland,264.7998,1.186282,1.0,S6
861,464520.4,5263285.0,2025-03-27,S631,Upland,264.7998,1.186282,0.5,S6
862,464520.4,5263285.0,2025-04-04,S631,Upland,264.7998,1.186282,6.0,S6
863,464520.4,5263285.0,2025-04-10,S631,Upland,264.7998,1.186282,2.0,S6
912,464458.6,5262449.0,2022-11-25,S625,Upland,149.6178,1.203789,0.0,S6
913,464458.6,5262449.0,2022-12-02,S625,Upland,149.6178,1.203789,2.0,S6
914,464458.6,5262449.0,2022-12-30,S625,Upland,149.6178,1.203789,32.0,S6
915,464458.6,5262449.0,2023-01-05,S625,Upland,149.6178,1.203789,28.5,S6
916,464458.6,5262449.0,2023-01-13,S625,Upland,149.6178,1.203789,29.0,S6
917,464458.6,5262449.0,2023-01-20,S625,Upland,149.6178,1.203789,34.0,S6
918,464458.6,5262449.0,2023-02-01,S625,Upland,149.6178,1.203789,37.0,S6
919,464458.6,5262449.0,2023-02-10,S625,Upland,149.6178,1.203789,32.0,S6
920,464458.6,5262449.0,2023-02-17,S625,Upland,149.6178,1.203789,36.0,S6
921,464458.6,5262449.0,2023-02-24,S625,Upland,149.6178,1.203789,33.0,S6
922,464458.6,5262449.0,2023-03-09,S625,Upland,149.6178,1.203789,35.0,S6
923,464458.6,5262449.0,2023-03-17,S625,Upland,149.6178,1.203789,31.0,S6
924,464458.6,5262449.0,2023-03-24,S625,Upland,149.6178,1.203789,38.0,S6
925,464458.6,5262449.0,2023-03-31,S625,Upland,149.6178,1.203789,47.0,S6
926,464458.6,5262449.0,2023-04-14,S625,Upland,149.6178,1.203789,0.0,S6
927,464458.6,5262449.0,2023-04-28,S625,Upland,149.6178,1.203789,0.0,S6
928,464458.6,5262449.0,2023-05-05,S625,Upland,149.6178,1.203789,0.0,S6
929,464458.6,5262449.0,2023-12-01,S625,Upland,149.6178,1.203789,0.0,S6
930,464458.6,5262449.0,2024-01-22,S625,Upland,149.6178,1.203789,10.0,S6
931,464458.6,5262449.0,2024-01-31,S625,Upland,149.6178,1.203789,6.0,S6
932,464458.6,5262449.0,2024-02-01,S625,Upland,149.6178,1.203789,0.5,S6
933,464458.6,5262449.0,2024-02-09,S625,Upland,149.6178,1.203789,0.5,S6
934,464458.6,5262449.0,2024-02-15,S625,Upland,149.6178,1.203789,1.0,S6
935,464458.6,5262449.0,2024-02-21,S625,Upland,149.6178,1.203789,0.0,S6
936,464458.6,5262449.0,2024-03-01,S625,Upland,149.6178,1.203789,0.0,S6
937,464458.6,5262449.0,2024-03-06,S625,Upland,149.6178,1.203789,0.0,S6
938,464458.6,5262449.0,2024-03-13,S625,Upland,149.6178,1.203789,0.0,S6
939,464458.6,5262449.0,2024-03-21,S625,Upland,149.6178,1.203789,0.0,S6
940,464458.6,5262449.0,2024-03-29,S625,Upland,149.6178,1.203789,18.0,S6
941,464458.6,5262449.0,2024-04-03,S625,Upland,149.6178,1.203789,8.0,S6
942,464458.6,5262449.0,2024-04-11,S625,Upland,149.6178,1.203789,0.0,S6
943,464458.6,5262449.0,2024-04-19,S625,Upland,149.6178,1.203789,0.0,S6
944,464458.6,5262449.0,2024-12-04,S625,Upland,149.6178,1.203789,10.0,S6
945,464458.6,5262449.0,2024-12-20,S625,Upland,149.6178,1.203789,17.0,S6
946,464458.6,5262449.0,2025-01-06,S625,Upland,149.6178,1.203789,15.0,S6
947,464458.6,5262449.0,2025-01-10,S625,Upland,149.6178,1.203789,18.0,S6
948,464458.6,5262449.0,2025-01-17,S625,Upland,149.6178,1.203789,24.0,S6
949,464458.6,5262449.0,2025-01-24,S625,Upland,149.6178,1.203789,23.0,S6
950,464458.6,5262449.0,2025-01-30,S625,Upland,149.6178,1.203789,25.0,S6
951,464458.6,5262449.0,2025-02-07,S625,Upland,149.6178,1.203789,38.0,S6
952,464458.6,5262449.0,2024-02-14,S625,Upland,149.6178,1.203789,34.0,S6
953,464458.6,5262449.0,2025-02-21,S625,Upland,149.6178,1.203789,40.0,S6
954,464458.6,5262449.0,2025-03-07,S625,Upland,149.6178,1.203789,20.0,S6
955,464458.6,5262449.0,2025-03-13,S625,Upland,149.6178,1.203789,13.0,S6
956,464458.6,5262449.0,2025-03-20,S625,Upland,149.6178,1.203789,4.0,S6
957,464458.6,5262449.0,2025-03-27,S625,Upland,149.6178,1.203789,3.0,S6
958,464458.6,5262449.0,2025-04-04,S625,Upland,149.6178,1.203789,8.0,S6
959,464458.6,5262449.0,2025-04-10,S625,Upland,149.6178,1.203789,3.0,S6
960,464458.6,5262658.0,2022-11-25,S624,Lagg,51.39898,25.4478,0.0,S6
961,464458.6,5262658.0,2022-12-02,S624,Lagg,51.39898,25.4478,6.0,S6
962,464458.6,5262658.0,2022-12-30,S624,Lagg,51.39898,25.4478,31.0,S6
963,464458.6,5262658.0,2023-01-05,S624,Lagg,51.39898,25.4478,32.0,S6
964,464458.6,5262658.0,2023-01-13,S624,Lagg,51.39898,25.4478,29.0,S6
965,464458.6,5262658.0,2023-01-20,S624,Lagg,51.39898,25.4478,35.0,S6
966,464458.6,5262658.0,2023-02-01,S624,Lagg,51.39898,25.4478,39.0,S6
967,464458.6,5262658.0,2023-02-10,S624,Lagg,51.39898,25.4478,36.0,S6
968,464458.6,5262658.0,2023-02-17,S624,Lagg,51.39898,25.4478,30.0,S6
969,464458.6,5262658.0,2023-02-24,S624,Lagg,51.39898,25.4478,40.0,S6
970,464458.6,5262658.0,2023-03-09,S624,Lagg,51.39898,25.4478,26.5,S6
971,464458.6,5262658.0,2023-03-17,S624,Lagg,51.39898,25.4478,49.0,S6
972,464458.6,5262658.0,2023-03-24,S624,Lagg,51.39898,25.4478,52.0,S6
973,464458.6,5262658.0,2023-03-31,S624,Lagg,51.39898,25.4478,43.0,S6
974,464458.6,5262658.0,2023-04-14,S624,Lagg,51.39898,25.4478,9.0,S6
975,464458.6,5262658.0,2023-04-28,S624,Lagg,51.39898,25.4478,0.0,S6
976,464458.6,5262658.0,2023-05-05,S624,Lagg,51.39898,25.4478,0.0,S6
977,464458.6,5262658.0,2023-12-01,S624,Lagg,51.39898,25.4478,0.0,S6
978,464458.6,5262658.0,2024-01-22,S624,Lagg,51.39898,25.4478,10.0,S6
979,464458.6,5262658.0,2024-01-31,S624,Lagg,51.39898,25.4478,8.0,S6
980,464458.6,5262658.0,2024-02-01,S624,Lagg,51.39898,25.4478,0.5,S6
981,464458.6,5262658.0,2024-02-09,S624,Lagg,51.39898,25.4478,0.5,S6
982,464458.6,5262658.0,2024-02-15,S624,Lagg,51.39898,25.4478,0.5,S6
983,464458.6,5262658.0,2024-02-21,S624,Lagg,51.39898,25.4478,0.0,S6
984,464458.6,5262658.0,2024-03-01,S624,Lagg,51.39898,25.4478,0.0,S6
985,464458.6,5262658.0,2024-03-06,S624,Lagg,51.39898,25.4478,0.0,S6
986,464458.6,5262658.0,2024-03-13,S624,Lagg,51.39898,25.4478,0.0,S6
987,464458.6,5262658.0,2024-03-21,S624,Lagg,51.39898,25.4478,0.0,S6
988,464458.6,5262658.0,2024-03-29,S624,Lagg,51.39898,25.4478,17.0,S6
989,464458.6,5262658.0,2024-04-03,S624,Lagg,51.39898,25.4478,10.0,S6
990,464458.6,5262658.0,2024-04-11,S624,Lagg,51.39898,25.4478,0.0,S6
991,464458.6,5262658.0,2024-04-19,S624,Lagg,51.39898,25.4478,0.0,S6
992,464458.6,5262658.0,2024-12-04,S624,Lagg,51.39898,25.4478,10.0,S6
993,464458.6,5262658.0,2024-12-20,S624,Lagg,51.39898,25.4478,15.0,S6
994,464458.6,5262658.0,2025-01-06,S624,Lagg,51.39898,25.4478,11.0,S6
995,464458.6,5262658.0,2025-01-10,S624,Lagg,51.39898,25.4478,12.0,S6
996,464458.6,5262658.0,2025-01-17,S624,Lagg,51.39898,25.4478,18.0,S6
997,464458.6,5262658.0,2025-01-24,S624,Lagg,51.39898,25.4478,22.0,S6
998,464458.6,5262658.0,2025-01-30,S624,Lagg,51.39898,25.4478,23.0,S6
999,464458.6,5262658.0,2025-02-07,S624,Lagg,51.39898,25.4478,33.0,S6
1000,464458.6,5262658.0,2024-02-14,S624,Lagg,51.39898,25.4478,33.0,S6
1001,464458.6,5262658.0,2025-02-21,S624,Lagg,51.39898,25.4478,34.0,S6
1002,464458.6,5262658.0,2025-03-07,S624,Lagg,51.39898,25.4478,21.0,S6
1003,464458.6,5262658.0,2025-03-13,S624,Lagg,51.39898,25.4478,9.0,S6
1004,464458.6,5262658.0,2025-03-20,S624,Lagg,51.39898,25.4478,1.0,S6
1005,464458.6,5262658.0,2025-03-27,S624,Lagg,51.39898,25.4478,0.0,S6
1006,464458.6,5262658.0,2025-04-04,S624,Lagg,51.39898,25.4478,7.0,S6
1007,464458.6,5262658.0,2025-04-10,S624,Lagg,51.39898,25.4478,2.0,S6
1008,464458.6,5262867.0,2022-11-25,S623,Bog,348.6811,0.547875,0.0,S6
1009,464458.6,5262867.0,2022-12-02,S623,Bog,348.6811,0.547875,10.0,S6
1010,464458.6,5262867.0,2022-12-30,S623,Bog,348.6811,0.547875,40.0,S6
1011,464458.6,5262867.0,2023-01-05,S623,Bog,348.6811,0.547875,30.0,S6
1012,464458.6,5262867.0,2023-01-13,S623,Bog,348.6811,0.547875,40.0,S6
1013,464458.6,5262867.0,2023-01-20,S623,Bog,348.6811,0.547875,31.0,S6
1014,464458.6,5262867.0,2023-02-01,S623,Bog,348.6811,0.547875,29.0,S6
1015,464458.6,5262867.0,2023-02-10,S623,Bog,348.6811,0.547875,43.0,S6
1016,464458.6,5262867.0,2023-02-17,S623,Bog,348.6811,0.547875,44.0,S6
1017,464458.6,5262867.0,2023-02-24,S623,Bog,348.6811,0.547875,48.0,S6
1018,464458.6,5262867.0,2023-03-09,S623,Bog,348.6811,0.547875,37.0,S6
1019,464458.6,5262867.0,2023-03-17,S623,Bog,348.6811,0.547875,45.0,S6
1020,464458.6,5262867.0,2023-03-24,S623,Bog,348.6811,0.547875,72.0,S6
1021,464458.6,5262867.0,2023-03-31,S623,Bog,348.6811,0.547875,56.0,S6
1022,464458.6,5262867.0,2023-04-14,S623,Bog,348.6811,0.547875,35.0,S6
1023,464458.6,5262867.0,2023-04-28,S623,Bog,348.6811,0.547875,28.0,S6
1024,464458.6,5262867.0,2023-05-05,S623,Bog,348.6811,0.547875,0.0,S6
1025,464458.6,5262867.0,2023-12-01,S623,Bog,348.6811,0.547875,0.0,S6
1026,464458.6,5262867.0,2024-01-22,S623,Bog,348.6811,0.547875,15.0,S6
1027,464458.6,5262867.0,2024-01-31,S623,Bog,348.6811,0.547875,7.0,S6
1028,464458.6,5262867.0,2024-02-01,S623,Bog,348.6811,0.547875,1.0,S6
1029,464458.6,5262867.0,2024-02-09,S623,Bog,348.6811,0.547875,1.0,S6
1030,464458.6,5262867.0,2024-02-15,S623,Bog,348.6811,0.547875,4.0,S6
1031,464458.6,5262867.0,2024-02-21,S623,Bog,348.6811,0.547875,0.0,S6
1032,464458.6,5262867.0,2024-03-01,S623,Bog,348.6811,0.547875,0.0,S6
1033,464458.6,5262867.0,2024-03-06,S623,Bog,348.6811,0.547875,0.0,S6
1034,464458.6,5262867.0,2024-03-13,S623,Bog,348.6811,0.547875,0.0,S6
1035,464458.6,5262867.0,2024-03-21,S623,Bog,348.6811,0.547875,0.0,S6
1036,464458.6,5262867.0,2024-03-29,S623,Bog,348.6811,0.547875,22.0,S6
1037,464458.6,5262867.0,2024-04-03,S623,Bog,348.6811,0.547875,12.0,S6
1038,464458.6,5262867.0,2024-04-11,S623,Bog,348.6811,0.547875,0.0,S6
1039,464458.6,5262867.0,2024-04-19,S623,Bog,348.6811,0.547875,0.0,S6
1040,464458.6,5262867.0,2024-12-04,S623,Bog,348.6811,0.547875,9.0,S6
1041,464458.6,5262867.0,2024-12-20,S623,Bog,348.6811,0.547875,22.0,S6
1042,464458.6,5262867.0,2025-01-06,S623,Bog,348.6811,0.547875,15.0,S6
1043,464458.6,5262867.0,2025-01-10,S623,Bog,348.6811,0.547875,19.0,S6
1044,464458.6,5262867.0,2025-01-17,S623,Bog,348.6811,0.547875,22.0,S6
1045,464458.6,5262867.0,2025-01-24,S623,Bog,348.6811,0.547875,22.0,S6
1046,464458.6,5262867.0,2025-01-30,S623,Bog,348.6811,0.547875,23.0,S6
1047,464458.6,5262867.0,2025-02-07,S623,Bog,348.6811,0.547875,31.0,S6
1048,464458.6,5262867.0,2024-02-14,S623,Bog,348.6811,0.547875,44.0,S6
1049,464458.6,5262867.0,2025-02-21,S623,Bog,348.6811,0.547875,38.0,S6
1050,464458.6,5262867.0,2025-03-07,S623,Bog,348.6811,0.547875,20.0,S6
1051,464458.6,5262867.0,2025-03-13,S623,Bog,348.6811,0.547875,17.0,S6
1052,464458.6,5262867.0,2025-03-20,S623,Bog,348.6811,0.547875,13.0,S6
1053,464458.6,5262867.0,2025-03-27,S623,Bog,348.6811,0.547875,20.0,S6
1054,464458.6,5262867.0,2025-04-04,S623,Bog,348.6811,0.547875,19.0,S6
1055,464458.6,5262867.0,2025-04-10,S623,Bog,348.6811,0.547875,18.0,S6
1056,464458.6,5263076.0,2022-11-25,S622,Lagg,215.5392,4.916601,0.0,S6
1057,464458.6,5263076.0,2022-12-02,S622,Lagg,215.5392,4.916601,0.0,S6
1058,464458.6,5263076.0,2022-12-30,S622,Lagg,215.5392,4.916601,19.0,S6
1059,464458.6,5263076.0,2023-01-05,S622,Lagg,215.5392,4.916601,21.0,S6
1060,464458.6,5263076.0,2023-01-13,S622,Lagg,215.5392,4.916601,20.0,S6
1061,464458.6,5263076.0,2023-01-20,S622,Lagg,215.5392,4.916601,23.0,S6
1062,464458.6,5263076.0,2023-02-01,S622,Lagg,215.5392,4.916601,26.0,S6
1063,464458.6,5263076.0,2023-02-10,S622,Lagg,215.5392,4.916601,23.0,S6
1064,464458.6,5263076.0,2023-02-17,S622,Lagg,215.5392,4.916601,18.0,S6
1065,464458.6,5263076.0,2023-02-24,S622,Lagg,215.5392,4.916601,18.0,S6
1066,464458.6,5263076.0,2023-03-09,S622,Lagg,215.5392,4.916601,21.0,S6
1067,464458.6,5263076.0,2023-03-17,S622,Lagg,215.5392,4.916601,26.0,S6
1068,464458.6,5263076.0,2023-03-24,S622,Lagg,215.5392,4.916601,29.0,S6
1069,464458.6,5263076.0,2023-03-31,S622,Lagg,215.5392,4.916601,34.0,S6
1070,464458.6,5263076.0,2023-04-14,S622,Lagg,215.5392,4.916601,0.0,S6
1071,464458.6,5263076.0,2023-04-28,S622,Lagg,215.5392,4.916601,0.0,S6
1072,464458.6,5263076.0,2023-05-05,S622,Lagg,215.5392,4.916601,0.0,S6
1073,464458.6,5263076.0,2023-12-01,S622,Lagg,215.5392,4.916601,0.0,S6
1074,464458.6,5263076.0,2024-01-22,S622,Lagg,215.5392,4.916601,7.0,S6
1075,464458.6,5263076.0,2024-01-31,S622,Lagg,215.5392,4.916601,1.0,S6
1076,464458.6,5263076.0,2024-02-01,S622,Lagg,215.5392,4.916601,0.5,S6
1077,464458.6,5263076.0,2024-02-09,S622,Lagg,215.5392,4.916601,0.5,S6
1078,464458.6,5263076.0,2024-02-15,S622,Lagg,215.5392,4.916601,0.5,S6
1079,464458.6,5263076.0,2024-02-21,S622,Lagg,215.5392,4.916601,0.0,S6
1080,464458.6,5263076.0,2024-03-01,S622,Lagg,215.5392,4.916601,0.0,S6
1081,464458.6,5263076.0,2024-03-06,S622,Lagg,215.5392,4.916601,0.0,S6
1082,464458.6,5263076.0,2024-03-13,S622,Lagg,215.5392,4.916601,0.0,S6
1083,464458.6,5263076.0,2024-03-21,S622,Lagg,215.5392,4.916601,0.0,S6
1084,464458.6,5263076.0,2024-03-29,S622,Lagg,215.5392,4.916601,15.0,S6
1085,464458.6,5263076.0,2024-04-03,S622,Lagg,215.5392,4.916601,5.0,S6
1086,464458.6,5263076.0,2024-04-11,S622,Lagg,215.5392,4.916601,0.0,S6
1087,464458.6,5263076.0,2024-04-19,S622,Lagg,215.5392,4.916601,0.0,S6
1088,464458.6,5263076.0,2024-12-04,S622,Lagg,215.5392,4.916601,7.0,S6
1089,464458.6,5263076.0,2024-12-20,S622,Lagg,215.5392,4.916601,8.0,S6
1090,464458.6,5263076.0,2025-01-06,S622,Lagg,215.5392,4.916601,5.0,S6
1091,464458.6,5263076.0,2025-01-10,S622,Lagg,215.5392,4.916601,6.0,S6
1092,464458.6,5263076.0,2025-01-17,S622,Lagg,215.5392,4.916601,10.0,S6
1093,464458.6,5263076.0,2025-01-24,S622,Lagg,215.5392,4.916601,13.0,S6
1094,464458.6,5263076.0,2025-01-30,S622,Lagg,215.5392,4.916601,9.0,S6
1095,464458.6,5263076.0,2025-02-07,S622,Lagg,215.5392,4.916601,23.0,S6
1096,464458.6,5263076.0,2024-02-14,S622,Lagg,215.5392,4.916601,18.0,S6
1097,464458.6,5263076.0,2025-02-21,S622,Lagg,215.5392,4.916601,20.0,S6
1098,464458.6,5263076.0,2025-03-07,S622,Lagg,215.5392,4.916601,3.0,S6
1099,464458.6,5263076.0,2025-03-13,S622,Lagg,215.5392,4.916601,0.0,S6
1100,464458.6,5263076.0,2025-03-20,S622,Lagg,215.5392,4.916601,0.0,S6
1101,464458.6,5263076.0,2025-03-27,S622,Lagg,215.5392,4.916601,0.0,S6
1102,464458.6,5263076.0,2025-04-04,S622,Lagg,215.5392,4.916601,5.0,S6
1103,464458.6,5263076.0,2025-04-10,S622,Lagg,215.5392,4.916601,0.0,S6
1104,464458.6,5263285.0,2022-11-25,S621,Upland,210.6501,6.712477,0.0,S6
1105,464458.6,5263285.0,2022-12-02,S621,Upland,210.6501,6.712477,0.0,S6
1106,464458.6,5263285.0,2022-12-30,S621,Upland,210.6501,6.712477,21.0,S6
1107,464458.6,5263285.0,2023-01-05,S621,Upland,210.6501,6.712477,22.5,S6
1108,464458.6,5263285.0,2023-01-13,S621,Upland,210.6501,6.712477,20.0,S6
1109,464458.6,5263285.0,2023-01-20,S621,Upland,210.6501,6.712477,23.0,S6
1110,464458.6,5263285.0,2023-02-01,S621,Upland,210.6501,6.712477,24.0,S6
1111,464458.6,5263285.0,2023-02-10,S621,Upland,210.6501,6.712477,27.0,S6
1112,464458.6,5263285.0,2023-02-17,S621,Upland,210.6501,6.712477,24.0,S6
1113,464458.6,5263285.0,2023-02-24,S621,Upland,210.6501,6.712477,30.0,S6
1114,464458.6,5263285.0,2023-03-09,S621,Upland,210.6501,6.712477,28.0,S6
1115,464458.6,5263285.0,2023-03-17,S621,Upland,210.6501,6.712477,41.0,S6
1116,464458.6,5263285.0,2023-03-24,S621,Upland,210.6501,6.712477,47.0,S6
1117,464458.6,5263285.0,2023-03-31,S621,Upland,210.6501,6.712477,40.0,S6
1118,464458.6,5263285.0,2023-04-14,S621,Upland,210.6501,6.712477,0.0,S6
1119,464458.6,5263285.0,2023-04-28,S621,Upland,210.6501,6.712477,0.0,S6
1120,464458.6,5263285.0,2023-05-05,S621,Upland,210.6501,6.712477,0.0,S6
1121,464458.6,5263285.0,2023-12-01,S621,Upland,210.6501,6.712477,0.0,S6
1122,464458.6,5263285.0,2024-01-22,S621,Upland,210.6501,6.712477,7.0,S6
1123,464458.6,5263285.0,2024-01-31,S621,Upland,210.6501,6.712477,4.0,S6
1124,464458.6,5263285.0,2024-02-01,S621,Upland,210.6501,6.712477,0.5,S6
1125,464458.6,5263285.0,2024-02-09,S621,Upland,210.6501,6.712477,0.5,S6
1126,464458.6,5263285.0,2024-02-15,S621,Upland,210.6501,6.712477,0.5,S6
1127,464458.6,5263285.0,2024-02-21,S621,Upland,210.6501,6.712477,0.0,S6
1128,464458.6,5263285.0,2024-03-01,S621,Upland,210.6501,6.712477,0.0,S6
1129,464458.6,5263285.0,2024-03-06,S621,Upland,210.6501,6.712477,0.0,S6
1130,464458.6,5263285.0,2024-03-13,S621,Upland,210.6501,6.712477,0.0,S6
1131,464458.6,5263285.0,2024-03-21,S621,Upland,210.6501,6.712477,0.0,S6
1132,464458.6,5263285.0,2024-03-29,S621,Upland,210.6501,6.712477,17.0,S6
1133,464458.6,5263285.0,2024-04-03,S621,Upland,210.6501,6.712477,10.0,S6
1134,464458.6,5263285.0,2024-04-11,S621,Upland,210.6501,6.712477,0.0,S6
1135,464458.6,5263285.0,2024-04-19,S621,Upland,210.6501,6.712477,0.0,S6
1136,464458.6,5263285.0,2024-12-04,S621,Upland,210.6501,6.712477,8.0,S6
1137,464458.6,5263285.0,2024-12-20,S621,Upland,210.6501,6.712477,7.0,S6
1138,464458.6,5263285.0,2025-01-06,S621,Upland,210.6501,6.712477,8.0,S6
1139,464458.6,5263285.0,2025-01-10,S621,Upland,210.6501,6.712477,10.0,S6
1140,464458.6,5263285.0,2025-01-17,S621,Upland,210.6501,6.712477,13.0,S6
1141,464458.6,5263285.0,2025-01-24,S621,Upland,210.6501,6.712477,15.0,S6
1142,464458.6,5263285.0,2025-01-30,S621,Upland,210.6501,6.712477,15.0,S6
1143,464458.6,5263285.0,2025-02-07,S621,Upland,210.6501,6.712477,22.0,S6
1144,464458.6,5263285.0,2024-02-14,S621,Upland,210.6501,6.712477,23.0,S6
1145,464458.6,5263285.0,2025-02-21,S621,Upland,210.6501,6.712477,25.0,S6
1146,464458.6,5263285.0,2025-03-07,S621,Upland,210.6501,6.712477,13.0,S6
1147,464458.6,5263285.0,2025-03-13,S621,Upland,210.6501,6.712477,4.0,S6
1148,464458.6,5263285.0,2025-03-20,S621,Upland,210.6501,6.712477,0.5,S6
1149,464458.6,5263285.0,2025-03-27,S621,Upland,210.6501,6.712477,0.0,S6
1150,464458.6,5263285.0,2025-04-04,S621,Upland,210.6501,6.712477,8.0,S6
1151,464458.6,5263285.0,2025-04-10,S621,Upland,210.6501,6.712477,4.0,S6
1248,464396.8,5262658.0,2022-11-25,S614,Upland,84.29677,1.439196,0.0,S6
1249,464396.8,5262658.0,2022-12-02,S614,Upland,84.29677,1.439196,0.0,S6
1250,464396.8,5262658.0,2022-12-30,S614,Upland,84.29677,1.439196,22.0,S6
1251,464396.8,5262658.0,2023-01-05,S614,Upland,84.29677,1.439196,20.0,S6
1252,464396.8,5262658.0,2023-01-13,S614,Upland,84.29677,1.439196,22.0,S6
1253,464396.8,5262658.0,2023-01-20,S614,Upland,84.29677,1.439196,22.0,S6
1254,464396.8,5262658.0,2023-02-01,S614,Upland,84.29677,1.439196,30.0,S6
1255,464396.8,5262658.0,2023-02-10,S614,Upland,84.29677,1.439196,24.0,S6
1256,464396.8,5262658.0,2023-02-17,S614,Upland,84.29677,1.439196,20.0,S6
1257,464396.8,5262658.0,2023-02-24,S614,Upland,84.29677,1.439196,26.0,S6
1258,464396.8,5262658.0,2023-03-09,S614,Upland,84.29677,1.439196,23.0,S6
1259,464396.8,5262658.0,2023-03-17,S614,Upland,84.29677,1.439196,33.0,S6
1260,464396.8,5262658.0,2023-03-24,S614,Upland,84.29677,1.439196,25.0,S6
1261,464396.8,5262658.0,2023-03-31,S614,Upland,84.29677,1.439196,23.0,S6
1262,464396.8,5262658.0,2023-04-14,S614,Upland,84.29677,1.439196,0.0,S6
1263,464396.8,5262658.0,2023-04-28,S614,Upland,84.29677,1.439196,0.0,S6
1264,464396.8,5262658.0,2023-05-05,S614,Upland,84.29677,1.439196,0.0,S6
1265,464396.8,5262658.0,2023-12-01,S614,Upland,84.29677,1.439196,0.0,S6
1266,464396.8,5262658.0,2024-01-22,S614,Upland,84.29677,1.439196,7.0,S6
1267,464396.8,5262658.0,2024-01-31,S614,Upland,84.29677,1.439196,3.0,S6
1268,464396.8,5262658.0,2024-02-01,S614,Upland,84.29677,1.439196,0.5,S6
1269,464396.8,5262658.0,2024-02-09,S614,Upland,84.29677,1.439196,0.5,S6
1270,464396.8,5262658.0,2024-02-15,S614,Upland,84.29677,1.439196,0.5,S6
1271,464396.8,5262658.0,2024-02-21,S614,Upland,84.29677,1.439196,0.0,S6
1272,464396.8,5262658.0,2024-03-01,S614,Upland,84.29677,1.439196,0.5,S6
1273,464396.8,5262658.0,2024-03-06,S614,Upland,84.29677,1.439196,0.0,S6
1274,464396.8,5262658.0,2024-03-13,S614,Upland,84.29677,1.439196,0.0,S6
1275,464396.8,5262658.0,2024-03-21,S614,Upland,84.29677,1.439196,0.0,S6
1276,464396.8,5262658.0,2024-03-29,S614,Upland,84.29677,1.439196,16.0,S6
1277,464396.8,5262658.0,2024-04-03,S614,Upland,84.29677,1.439196,8.0,S6
1278,464396.8,5262658.0,2024-04-11,S614,Upland,84.29677,1.439196,0.0,S6
1279,464396.8,5262658.0,2024-04-19,S614,Upland,84.29677,1.439196,0.0,S6
1280,464396.8,5262658.0,2024-12-04,S614,Upland,84.29677,1.439196,7.0,S6
1281,464396.8,5262658.0,2024-12-20,S614,Upland,84.29677,1.439196,7.0,S6
1282,464396.8,5262658.0,2025-01-06,S614,Upland,84.29677,1.439196,7.0,S6
1283,464396.8,5262658.0,2025-01-10,S614,Upland,84.29677,1.439196,7.0,S6
1284,464396.8,5262658.0,2025-01-17,S614,Upland,84.29677,1.439196,11.0,S6
1285,464396.8,5262658.0,2025-01-24,S614,Upland,84.29677,1.439196,13.0,S6
1286,464396.8,5262658.0,2025-01-30,S614,Upland,84.29677,1.439196,11.0,S6
1287,464396.8,5262658.0,2025-02-07,S614,Upland,84.29677,1.439196,19.0,S6
1288,464396.8,5262658.0,2024-02-14,S614,Upland,84.29677,1.439196,18.0,S6
1289,464396.8,5262658.0,2025-02-21,S614,Upland,84.29677,1.439196,19.0,S6
1290,464396.8,5262658.0,2025-03-07,S614,Upland,84.29677,1.439196,3.0,S6
1291,464396.8,5262658.0,2025-03-13,S614,Upland,84.29677,1.439196,0.0,S6
1292,464396.8,5262658.0,2025-03-20,S614,Upland,84.29677,1.439196,0.5,S6
1293,464396.8,5262658.0,2025-03-27,S614,Upland,84.29677,1.439196,0.0,S6
1294,464396.8,5262658.0,2025-04-04,S614,Upland,84.29677,1.439196,6.0,S6
1295,464396.8,5262658.0,2025-04-10,S614,Upland,84.29677,1.439196,0.5,S6
1296,464396.8,5262867.0,2022-11-25,S613,Lagg,37.4997,19.39961,0.0,S6
1297,464396.8,5262867.0,2022-12-02,S613,Lagg,37.4997,19.39961,9.5,S6
1298,464396.8,5262867.0,2022-12-30,S613,Lagg,37.4997,19.39961,26.0,S6
1299,464396.8,5262867.0,2023-01-05,S613,Lagg,37.4997,19.39961,34.5,S6
1300,464396.8,5262867.0,2023-01-13,S613,Lagg,37.4997,19.39961,31.0,S6
1301,464396.8,5262867.0,2023-01-20,S613,Lagg,37.4997,19.39961,31.5,S6
1302,464396.8,5262867.0,2023-02-01,S613,Lagg,37.4997,19.39961,38.0,S6
1303,464396.8,5262867.0,2023-02-10,S613,Lagg,37.4997,19.39961,37.0,S6
1304,464396.8,5262867.0,2023-02-17,S613,Lagg,37.4997,19.39961,25.0,S6
1305,464396.8,5262867.0,2023-02-24,S613,Lagg,37.4997,19.39961,40.0,S6
1306,464396.8,5262867.0,2023-03-09,S613,Lagg,37.4997,19.39961,48.0,S6
1307,464396.8,5262867.0,2023-03-17,S613,Lagg,37.4997,19.39961,56.0,S6
1308,464396.8,5262867.0,2023-03-24,S613,Lagg,37.4997,19.39961,56.0,S6
1309,464396.8,5262867.0,2023-03-31,S613,Lagg,37.4997,19.39961,53.0,S6
1310,464396.8,5262867.0,2023-04-14,S613,Lagg,37.4997,19.39961,6.0,S6
1311,464396.8,5262867.0,2023-04-28,S613,Lagg,37.4997,19.39961,3.0,S6
1312,464396.8,5262867.0,2023-05-05,S613,Lagg,37.4997,19.39961,0.0,S6
1313,464396.8,5262867.0,2023-12-01,S613,Lagg,37.4997,19.39961,0.0,S6
1314,464396.8,5262867.0,2024-01-22,S613,Lagg,37.4997,19.39961,9.0,S6
1315,464396.8,5262867.0,2024-01-31,S613,Lagg,37.4997,19.39961,7.0,S6
1316,464396.8,5262867.0,2024-02-01,S613,Lagg,37.4997,19.39961,0.5,S6
1317,464396.8,5262867.0,2024-02-09,S613,Lagg,37.4997,19.39961,0.5,S6
1318,464396.8,5262867.0,2024-02-15,S613,Lagg,37.4997,19.39961,0.5,S6
1319,464396.8,5262867.0,2024-02-21,S613,Lagg,37.4997,19.39961,0.5,S6
1320,464396.8,5262867.0,2024-03-01,S613,Lagg,37.4997,19.39961,0.5,S6
1321,464396.8,5262867.0,2024-03-06,S613,Lagg,37.4997,19.39961,0.0,S6
1322,464396.8,5262867.0,2024-03-13,S613,Lagg,37.4997,19.39961,0.0,S6
1323,464396.8,5262867.0,2024-03-21,S613,Lagg,37.4997,19.39961,0.0,S6
1324,464396.8,5262867.0,2024-03-29,S613,Lagg,37.4997,19.39961,18.0,S6
1325,464396.8,5262867.0,2024-04-03,S613,Lagg,37.4997,19.39961,12.0,S6
1326,464396.8,5262867.0,2024-04-11,S613,Lagg,37.4997,19.39961,0.0,S6
1327,464396.8,5262867.0,2024-04-19,S613,Lagg,37.4997,19.39961,0.0,S6
1328,464396.8,5262867.0,2024-12-04,S613,Lagg,37.4997,19.39961,8.0,S6
1329,464396.8,5262867.0,2024-12-20,S613,Lagg,37.4997,19.39961,13.0,S6
1330,464396.8,5262867.0,2025-01-06,S613,Lagg,37.4997,19.39961,10.0,S6
1331,464396.8,5262867.0,2025-01-10,S613,Lagg,37.4997,19.39961,12.0,S6
1332,464396.8,5262867.0,2025-01-17,S613,Lagg,37.4997,19.39961,16.0,S6
1333,464396.8,5262867.0,2025-01-24,S613,Lagg,37.4997,19.39961,17.0,S6
1334,464396.8,5262867.0,2025-01-30,S613,Lagg,37.4997,19.39961,18.0,S6
1335,464396.8,5262867.0,2025-02-07,S613,Lagg,37.4997,19.39961,29.0,S6
1336,464396.8,5262867.0,2024-02-14,S613,Lagg,37.4997,19.39961,30.0,S6
1337,464396.8,5262867.0,2025-02-21,S613,Lagg,37.4997,19.39961,30.0,S6
1338,464396.8,5262867.0,2025-03-07,S613,Lagg,37.4997,19.39961,14.0,S6
1339,464396.8,5262867.0,2025-03-13,S613,Lagg,37.4997,19.39961,11.0,S6
1340,464396.8,5262867.0,2025-03-20,S613,Lagg,37.4997,19.39961,1.0,S6
1341,464396.8,5262867.0,2025-03-27,S613,Lagg,37.4997,19.39961,0.5,S6
1342,464396.8,5262867.0,2025-04-04,S613,Lagg,37.4997,19.39961,8.0,S6
1343,464396.8,5262867.0,2025-04-10,S613,Lagg,37.4997,19.39961,2.0,S6
1344,464396.8,5263076.0,2022-11-25,S612,Bog,161.5534,0.339843,0.0,S6
1345,464396.8,5263076.0,2022-12-02,S612,Bog,161.5534,0.339843,11.0,S6
1346,464396.8,5263076.0,2022-12-30,S612,Bog,161.5534,0.339843,41.0,S6
1347,464396.8,5263076.0,2023-01-05,S612,Bog,161.5534,0.339843,36.0,S6
1348,464396.8,5263076.0,2023-01-13,S612,Bog,161.5534,0.339843,38.0,S6
1349,464396.8,5263076.0,2023-01-20,S612,Bog,161.5534,0.339843,38.0,S6
1350,464396.8,5263076.0,2023-02-01,S612,Bog,161.5534,0.339843,39.0,S6
1351,464396.8,5263076.0,2023-02-10,S612,Bog,161.5534,0.339843,41.0,S6
1352,464396.8,5263076.0,2023-02-17,S612,Bog,161.5534,0.339843,43.0,S6
1353,464396.8,5263076.0,2023-02-24,S612,Bog,161.5534,0.339843,59.0,S6
1354,464396.8,5263076.0,2023-03-09,S612,Bog,161.5534,0.339843,50.0,S6
1355,464396.8,5263076.0,2023-03-17,S612,Bog,161.5534,0.339843,61.0,S6
1356,464396.8,5263076.0,2023-03-24,S612,Bog,161.5534,0.339843,66.0,S6
1357,464396.8,5263076.0,2023-03-31,S612,Bog,161.5534,0.339843,62.0,S6
1358,464396.8,5263076.0,2023-04-14,S612,Bog,161.5534,0.339843,35.0,S6
1359,464396.8,5263076.0,2023-04-28,S612,Bog,161.5534,0.339843,16.0,S6
1360,464396.8,5263076.0,2023-05-05,S612,Bog,161.5534,0.339843,0.0,S6
1361,464396.8,5263076.0,2023-12-01,S612,Bog,161.5534,0.339843,0.0,S6
1363,464396.8,5263076.0,2024-01-31,S612,Bog,161.5534,0.339843,9.0,S6
1364,464396.8,5263076.0,2024-02-01,S612,Bog,161.5534,0.339843,0.5,S6
1365,464396.8,5263076.0,2024-02-09,S612,Bog,161.5534,0.339843,0.5,S6
1366,464396.8,5263076.0,2024-02-15,S612,Bog,161.5534,0.339843,2.0,S6
1367,464396.8,5263076.0,2024-02-21,S612,Bog,161.5534,0.339843,2.0,S6
1368,464396.8,5263076.0,2024-03-01,S612,Bog,161.5534,0.339843,0.5,S6
1369,464396.8,5263076.0,2024-03-06,S612,Bog,161.5534,0.339843,0.0,S6
1370,464396.8,5263076.0,2024-03-13,S612,Bog,161.5534,0.339843,0.0,S6
1371,464396.8,5263076.0,2024-03-21,S612,Bog,161.5534,0.339843,0.0,S6
1372,464396.8,5263076.0,2024-03-29,S612,Bog,161.5534,0.339843,18.0,S6
1373,464396.8,5263076.0,2024-04-03,S612,Bog,161.5534,0.339843,12.0,S6
1374,464396.8,5263076.0,2024-04-11,S612,Bog,161.5534,0.339843,0.0,S6
1375,464396.8,5263076.0,2024-04-19,S612,Bog,161.5534,0.339843,0.0,S6
1376,464396.8,5263076.0,2024-12-04,S612,Bog,161.5534,0.339843,10.0,S6
1377,464396.8,5263076.0,2024-12-20,S612,Bog,161.5534,0.339843,11.0,S6
1378,464396.8,5263076.0,2025-01-06,S612,Bog,161.5534,0.339843,12.0,S6
1379,464396.8,5263076.0,2025-01-10,S612,Bog,161.5534,0.339843,21.0,S6
1380,464396.8,5263076.0,2025-01-17,S612,Bog,161.5534,0.339843,23.0,S6
1381,464396.8,5263076.0,2025-01-24,S612,Bog,161.5534,0.339843,27.0,S6
1382,464396.8,5263076.0,2025-01-30,S612,Bog,161.5534,0.339843,26.0,S6
1383,464396.8,5263076.0,2025-02-07,S612,Bog,161.5534,0.339843,41.0,S6
1384,464396.8,5263076.0,2024-02-14,S612,Bog,161.5534,0.339843,35.0,S6
1385,464396.8,5263076.0,2025-02-21,S612,Bog,161.5534,0.339843,35.0,S6
1386,464396.8,5263076.0,2025-03-07,S612,Bog,161.5534,0.339843,26.0,S6
1387,464396.8,5263076.0,2025-03-13,S612,Bog,161.5534,0.339843,18.0,S6
1388,464396.8,5263076.0,2025-03-20,S612,Bog,161.5534,0.339843,16.0,S6
1389,464396.8,5263076.0,2025-03-27,S612,Bog,161.5534,0.339843,10.0,S6
1390,464396.8,5263076.0,2025-04-04,S612,Bog,161.5534,0.339843,11.0,S6
1391,464396.8,5263076.0,2025-04-10,S612,Bog,161.5534,0.339843,8.0,S6
1392,464396.8,5263285.0,2022-11-25,S611,Lagg,84.30152,0.71976,0.0,S6
1393,464396.8,5263285.0,2022-12-02,S611,Lagg,84.30152,0.71976,0.0,S6
1394,464396.8,5263285.0,2022-12-30,S611,Lagg,84.30152,0.71976,27.0,S6
1395,464396.8,5263285.0,2023-01-05,S611,Lagg,84.30152,0.71976,26.0,S6
1396,464396.8,5263285.0,2023-01-13,S611,Lagg,84.30152,0.71976,29.0,S6
1397,464396.8,5263285.0,2023-01-20,S611,Lagg,84.30152,0.71976,30.0,S6
1398,464396.8,5263285.0,2023-02-01,S611,Lagg,84.30152,0.71976,29.0,S6
1399,464396.8,5263285.0,2023-02-10,S611,Lagg,84.30152,0.71976,33.0,S6
1400,464396.8,5263285.0,2023-02-17,S611,Lagg,84.30152,0.71976,26.0,S6
1401,464396.8,5263285.0,2023-02-24,S611,Lagg,84.30152,0.71976,25.0,S6
1402,464396.8,5263285.0,2023-03-09,S611,Lagg,84.30152,0.71976,31.0,S6
1403,464396.8,5263285.0,2023-03-17,S611,Lagg,84.30152,0.71976,33.0,S6
1404,464396.8,5263285.0,2023-03-24,S611,Lagg,84.30152,0.71976,22.0,S6
1405,464396.8,5263285.0,2023-03-31,S611,Lagg,84.30152,0.71976,29.0,S6
1406,464396.8,5263285.0,2023-04-14,S611,Lagg,84.30152,0.71976,0.0,S6
1407,464396.8,5263285.0,2023-04-28,S611,Lagg,84.30152,0.71976,0.0,S6
1408,464396.8,5263285.0,2023-05-05,S611,Lagg,84.30152,0.71976,0.0,S6
1409,464396.8,5263285.0,2023-12-01,S611,Lagg,84.30152,0.71976,0.0,S6
1410,464396.8,5263285.0,2024-01-22,S611,Lagg,84.30152,0.71976,7.0,S6
1411,464396.8,5263285.0,2024-01-31,S611,Lagg,84.30152,0.71976,2.0,S6
1412,464396.8,5263285.0,2024-02-01,S611,Lagg,84.30152,0.71976,0.5,S6
1413,464396.8,5263285.0,2024-02-09,S611,Lagg,84.30152,0.71976,0.5,S6
1414,464396.8,5263285.0,2024-02-15,S611,Lagg,84.30152,0.71976,0.5,S6
1415,464396.8,5263285.0,2024-02-21,S611,Lagg,84.30152,0.71976,0.0,S6
1416,464396.8,5263285.0,2024-03-01,S611,Lagg,84.30152,0.71976,0.0,S6
1417,464396.8,5263285.0,2024-03-06,S611,Lagg,84.30152,0.71976,0.0,S6
1418,464396.8,5263285.0,2024-03-13,S611,Lagg,84.30152,0.71976,0.0,S6
1419,464396.8,5263285.0,2024-03-21,S611,Lagg,84.30152,0.71976,0.0,S6
1420,464396.8,5263285.0,2024-03-29,S611,Lagg,84.30152,0.71976,14.0,S6
1421,464396.8,5263285.0,2024-04-03,S611,Lagg,84.30152,0.71976,5.0,S6
1422,464396.8,5263285.0,2024-04-11,S611,Lagg,84.30152,0.71976,0.0,S6
1423,464396.8,5263285.0,2024-04-19,S611,Lagg,84.30152,0.71976,0.0,S6
1424,464396.8,5263285.0,2024-12-04,S611,Lagg,84.30152,0.71976,8.0,S6
1425,464396.8,5263285.0,2024-12-20,S611,Lagg,84.30152,0.71976,11.0,S6
1426,464396.8,5263285.0,2025-01-06,S611,Lagg,84.30152,0.71976,7.0,S6
1427,464396.8,5263285.0,2025-01-10,S611,Lagg,84.30152,0.71976,7.0,S6
1428,464396.8,5263285.0,2025-01-17,S611,Lagg,84.30152,0.71976,12.0,S6
1429,464396.8,5263285.0,2025-01-24,S611,Lagg,84.30152,0.71976,13.0,S6
1430,464396.8,5263285.0,2025-01-30,S611,Lagg,84.30152,0.71976,14.0,S6
1431,464396.8,5263285.0,2025-02-07,S611,Lagg,84.30152,0.71976,24.0,S6
1432,464396.8,5263285.0,2024-02-14,S611,Lagg,84.30152,0.71976,22.0,S6
1433,464396.8,5263285.0,2025-02-21,S611,Lagg,84.30152,0.71976,21.0,S6
1434,464396.8,5263285.0,2025-03-07,S611,Lagg,84.30152,0.71976,1.0,S6
1435,464396.8,5263285.0,2025-03-13,S611,Lagg,84.30152,0.71976,0.0,S6
1436,464396.8,5263285.0,2025-03-20,S611,Lagg,84.30152,0.71976,0.0,S6
1437,464396.8,5263285.0,2025-03-27,S611,Lagg,84.30152,0.71976,0.0,S6
1438,464396.8,5263285.0,2025-04-04,S611,Lagg,84.30152,0.71976,8.0,S6
1439,464396.8,5263285.0,2025-04-10,S611,Lagg,84.30152,0.71976,0.0,S6
1584,464335.0,5262867.0,2022-11-25,S603,Upland,100.015,0.618323,0.0,S6
1585,464335.0,5262867.0,2022-12-02,S603,Upland,100.015,0.618323,0.0,S6
1586,464335.0,5262867.0,2022-12-30,S603,Upland,100.015,0.618323,18.0,S6
1587,464335.0,5262867.0,2023-01-05,S603,Upland,100.015,0.618323,21.0,S6
1588,464335.0,5262867.0,2023-01-13,S603,Upland,100.015,0.618323,22.0,S6
1589,464335.0,5262867.0,2023-01-20,S603,Upland,100.015,0.618323,25.0,S6
1590,464335.0,5262867.0,2023-02-01,S603,Upland,100.015,0.618323,25.0,S6
1591,464335.0,5262867.0,2023-02-10,S603,Upland,100.015,0.618323,22.0,S6
1592,464335.0,5262867.0,2023-02-17,S603,Upland,100.015,0.618323,16.0,S6
1593,464335.0,5262867.0,2023-02-24,S603,Upland,100.015,0.618323,23.0,S6
1594,464335.0,5262867.0,2023-03-09,S603,Upland,100.015,0.618323,20.0,S6
1595,464335.0,5262867.0,2023-03-17,S603,Upland,100.015,0.618323,29.0,S6
1596,464335.0,5262867.0,2023-03-24,S603,Upland,100.015,0.618323,33.0,S6
1597,464335.0,5262867.0,2023-03-31,S603,Upland,100.015,0.618323,30.0,S6
1598,464335.0,5262867.0,2023-04-14,S603,Upland,100.015,0.618323,0.0,S6
1599,464335.0,5262867.0,2023-04-28,S603,Upland,100.015,0.618323,0.0,S6
1600,464335.0,5262867.0,2023-05-05,S603,Upland,100.015,0.618323,0.0,S6
1601,464335.0,5262867.0,2023-12-01,S603,Upland,100.015,0.618323,0.0,S6
1602,464335.0,5262867.0,2024-01-22,S603,Upland,100.015,0.618323,6.0,S6
1603,464335.0,5262867.0,2024-01-31,S603,Upland,100.015,0.618323,2.0,S6
1604,464335.0,5262867.0,2024-02-01,S603,Upland,100.015,0.618323,0.5,S6
1605,464335.0,5262867.0,2024-02-09,S603,Upland,100.015,0.618323,0.5,S6
1606,464335.0,5262867.0,2024-02-15,S603,Upland,100.015,0.618323,0.5,S6
1607,464335.0,5262867.0,2024-02-21,S603,Upland,100.015,0.618323,0.0,S6
1608,464335.0,5262867.0,2024-03-01,S603,Upland,100.015,0.618323,0.0,S6
1609,464335.0,5262867.0,2024-03-06,S603,Upland,100.015,0.618323,0.0,S6
1610,464335.0,5262867.0,2024-03-13,S603,Upland,100.015,0.618323,0.0,S6
1611,464335.0,5262867.0,2024-03-21,S603,Upland,100.015,0.618323,0.0,S6
1612,464335.0,5262867.0,2024-03-29,S603,Upland,100.015,0.618323,17.0,S6
1613,464335.0,5262867.0,2024-04-03,S603,Upland,100.015,0.618323,9.0,S6
1614,464335.0,5262867.0,2024-04-11,S603,Upland,100.015,0.618323,0.0,S6
1615,464335.0,5262867.0,2024-04-19,S603,Upland,100.015,0.618323,0.0,S6
1616,464335.0,5262867.0,2024-12-04,S603,Upland,100.015,0.618323,6.0,S6
1617,464335.0,5262867.0,2024-12-20,S603,Upland,100.015,0.618323,9.0,S6
1618,464335.0,5262867.0,2025-01-06,S603,Upland,100.015,0.618323,5.0,S6
1619,464335.0,5262867.0,2025-01-10,S603,Upland,100.015,0.618323,6.0,S6
1620,464335.0,5262867.0,2025-01-17,S603,Upland,100.015,0.618323,10.0,S6
1621,464335.0,5262867.0,2025-01-24,S603,Upland,100.015,0.618323,12.0,S6
1622,464335.0,5262867.0,2025-01-30,S603,Upland,100.015,0.618323,10.0,S6
1623,464335.0,5262867.0,2025-02-07,S603,Upland,100.015,0.618323,20.0,S6
1624,464335.0,5262867.0,2024-02-14,S603,Upland,100.015,0.618323,15.0,S6
1625,464335.0,5262867.0,2025-02-21,S603,Upland,100.015,0.618323,19.0,S6
1626,464335.0,5262867.0,2025-03-07,S603,Upland,100.015,0.618323,9.5,S6
1627,464335.0,5262867.0,2025-03-13,S603,Upland,100.015,0.618323,0.0,S6
1628,464335.0,5262867.0,2025-03-20,S603,Upland,100.015,0.618323,0.0,S6
1629,464335.0,5262867.0,2025-03-27,S603,Upland,100.015,0.618323,0.0,S6
1630,464335.0,5262867.0,2025-04-04,S603,Upland,100.015,0.618323,8.0,S6
1631,464335.0,5262867.0,2025-04-10,S603,Upland,100.015,0.618323,0.5,S6
1632,464335.0,5263076.0,2022-11-25,S602,Upland,13.71132,10.60362,0.0,S6
1633,464335.0,5263076.0,2022-12-02,S602,Upland,13.71132,10.60362,0.0,S6
1634,464335.0,5263076.0,2022-12-30,S602,Upland,13.71132,10.60362,29.0,S6
1635,464335.0,5263076.0,2023-01-05,S602,Upland,13.71132,10.60362,24.0,S6
1636,464335.0,5263076.0,2023-01-13,S602,Upland,13.71132,10.60362,26.0,S6
1637,464335.0,5263076.0,2023-01-20,S602,Upland,13.71132,10.60362,27.0,S6
1638,464335.0,5263076.0,2023-02-01,S602,Upland,13.71132,10.60362,32.0,S6
1639,464335.0,5263076.0,2023-02-10,S602,Upland,13.71132,10.60362,32.0,S6
1640,464335.0,5263076.0,2023-02-17,S602,Upland,13.71132,10.60362,11.0,S6
1641,464335.0,5263076.0,2023-02-24,S602,Upland,13.71132,10.60362,33.0,S6
1642,464335.0,5263076.0,2023-03-09,S602,Upland,13.71132,10.60362,35.5,S6
1643,464335.0,5263076.0,2023-03-17,S602,Upland,13.71132,10.60362,44.0,S6
1644,464335.0,5263076.0,2023-03-24,S602,Upland,13.71132,10.60362,53.0,S6
1645,464335.0,5263076.0,2023-03-31,S602,Upland,13.71132,10.60362,52.0,S6
1646,464335.0,5263076.0,2023-04-14,S602,Upland,13.71132,10.60362,7.0,S6
1647,464335.0,5263076.0,2023-04-28,S602,Upland,13.71132,10.60362,3.0,S6
1648,464335.0,5263076.0,2023-05-05,S602,Upland,13.71132,10.60362,0.0,S6
1649,464335.0,5263076.0,2023-12-01,S602,Upland,13.71132,10.60362,0.0,S6
1650,464335.0,5263076.0,2024-01-22,S602,Upland,13.71132,10.60362,7.0,S6
1651,464335.0,5263076.0,2024-01-31,S602,Upland,13.71132,10.60362,4.0,S6
1652,464335.0,5263076.0,2024-02-01,S602,Upland,13.71132,10.60362,0.5,S6
1653,464335.0,5263076.0,2024-02-09,S602,Upland,13.71132,10.60362,0.5,S6
1654,464335.0,5263076.0,2024-02-15,S602,Upland,13.71132,10.60362,0.5,S6
1655,464335.0,5263076.0,2024-02-21,S602,Upland,13.71132,10.60362,0.0,S6
1656,464335.0,5263076.0,2024-03-01,S602,Upland,13.71132,10.60362,0.5,S6
1657,464335.0,5263076.0,2024-03-06,S602,Upland,13.71132,10.60362,0.0,S6
1658,464335.0,5263076.0,2024-03-13,S602,Upland,13.71132,10.60362,0.0,S6
1659,464335.0,5263076.0,2024-03-21,S602,Upland,13.71132,10.60362,0.0,S6
1660,464335.0,5263076.0,2024-03-29,S602,Upland,13.71132,10.60362,19.0,S6
1661,464335.0,5263076.0,2024-04-03,S602,Upland,13.71132,10.60362,14.0,S6
1662,464335.0,5263076.0,2024-04-11,S602,Upland,13.71132,10.60362,0.0,S6
1663,464335.0,5263076.0,2024-04-19,S602,Upland,13.71132,10.60362,0.0,S6
1664,464335.0,5263076.0,2024-12-04,S602,Upland,13.71132,10.60362,8.0,S6
1665,464335.0,5263076.0,2024-12-20,S602,Upland,13.71132,10.60362,12.0,S6
1666,464335.0,5263076.0,2025-01-06,S602,Upland,13.71132,10.60362,8.0,S6
1667,464335.0,5263076.0,2025-01-10,S602,Upland,13.71132,10.60362,8.0,S6
1668,464335.0,5263076.0,2025-01-17,S602,Upland,13.71132,10.60362,13.0,S6
1669,464335.0,5263076.0,2025-01-24,S602,Upland,13.71132,10.60362,16.0,S6
1670,464335.0,5263076.0,2025-01-30,S602,Upland,13.71132,10.60362,17.0,S6
1671,464335.0,5263076.0,2025-02-07,S602,Upland,13.71132,10.60362,25.0,S6
1672,464335.0,5263076.0,2024-02-14,S602,Upland,13.71132,10.60362,23.0,S6
1673,464335.0,5263076.0,2025-02-21,S602,Upland,13.71132,10.60362,25.0,S6
1674,464335.0,5263076.0,2025-03-07,S602,Upland,13.71132,10.60362,11.0,S6
1675,464335.0,5263076.0,2025-03-13,S602,Upland,13.71132,10.60362,2.0,S6
1676,464335.0,5263076.0,2025-03-20,S602,Upland,13.71132,10.60362,0.5,S6
1677,464335.0,5263076.0,2025-03-27,S602,Upland,13.71132,10.60362,0.5,S6
1678,464335.0,5263076.0,2025-04-04,S602,Upland,13.71132,10.60362,10.0,S6
1679,464335.0,5263076.0,2025-04-10,S602,Upland,13.71132,10.60362,5.0,S6
1680,464335.0,5263285.0,2022-11-25,S601,Upland,356.9422,4.687178,0.0,S6
1681,464335.0,5263285.0,2022-12-02,S601,Upland,356.9422,4.687178,0.0,S6
1682,464335.0,5263285.0,2022-12-30,S601,Upland,356.9422,4.687178,15.0,S6
1683,464335.0,5263285.0,2023-01-05,S601,Upland,356.9422,4.687178,19.0,S6
1684,464335.0,5263285.0,2023-01-13,S601,Upland,356.9422,4.687178,18.0,S6
1685,464335.0,5263285.0,2023-01-20,S601,Upland,356.9422,4.687178,20.5,S6
1686,464335.0,5263285.0,2023-02-01,S601,Upland,356.9422,4.687178,22.0,S6
1687,464335.0,5263285.0,2023-02-10,S601,Upland,356.9422,4.687178,23.0,S6
1688,464335.0,5263285.0,2023-02-17,S601,Upland,356.9422,4.687178,20.0,S6
1689,464335.0,5263285.0,2023-02-24,S601,Upland,356.9422,4.687178,25.0,S6
1690,464335.0,5263285.0,2023-03-09,S601,Upland,356.9422,4.687178,25.5,S6
1691,464335.0,5263285.0,2023-03-17,S601,Upland,356.9422,4.687178,34.0,S6
1692,464335.0,5263285.0,2023-03-24,S601,Upland,356.9422,4.687178,40.0,S6
1693,464335.0,5263285.0,2023-03-31,S601,Upland,356.9422,4.687178,35.0,S6
1694,464335.0,5263285.0,2023-04-14,S601,Upland,356.9422,4.687178,0.0,S6
1695,464335.0,5263285.0,2023-04-28,S601,Upland,356.9422,4.687178,0.0,S6
1696,464335.0,5263285.0,2023-05-05,S601,Upland,356.9422,4.687178,0.0,S6
1697,464335.0,5263285.0,2023-12-01,S601,Upland,356.9422,4.687178,0.0,S6
1698,464335.0,5263285.0,2024-01-22,S601,Upland,356.9422,4.687178,3.0,S6
1699,464335.0,5263285.0,2024-01-31,S601,Upland,356.9422,4.687178,1.0,S6
1700,464335.0,5263285.0,2024-02-01,S601,Upland,356.9422,4.687178,0.5,S6
1701,464335.0,5263285.0,2024-02-09,S601,Upland,356.9422,4.687178,0.5,S6
1702,464335.0,5263285.0,2024-02-15,S601,Upland,356.9422,4.687178,0.5,S6
1703,464335.0,5263285.0,2024-02-21,S601,Upland,356.9422,4.687178,0.0,S6
1704,464335.0,5263285.0,2024-03-01,S601,Upland,356.9422,4.687178,0.5,S6
1705,464335.0,5263285.0,2024-03-06,S601,Upland,356.9422,4.687178,0.0,S6
1706,464335.0,5263285.0,2024-03-13,S601,Upland,356.9422,4.687178,0.0,S6
1707,464335.0,5263285.0,2024-03-21,S601,Upland,356.9422,4.687178,0.0,S6
1708,464335.0,5263285.0,2024-03-29,S601,Upland,356.9422,4.687178,15.0,S6
1709,464335.0,5263285.0,2024-04-03,S601,Upland,356.9422,4.687178,8.0,S6
1710,464335.0,5263285.0,2024-04-11,S601,Upland,356.9422,4.687178,0.0,S6
1711,464335.0,5263285.0,2024-04-19,S601,Upland,356.9422,4.687178,0.0,S6
1712,464335.0,5263285.0,2024-12-04,S601,Upland,356.9422,4.687178,5.0,S6
1713,464335.0,5263285.0,2024-12-20,S601,Upland,356.9422,4.687178,8.0,S6
1714,464335.0,5263285.0,2025-01-06,S601,Upland,356.9422,4.687178,5.0,S6
1715,464335.0,5263285.0,2025-01-10,S601,Upland,356.9422,4.687178,6.0,S6
1716,464335.0,5263285.0,2025-01-17,S601,Upland,356.9422,4.687178,9.0,S6
1717,464335.0,5263285.0,2025-01-24,S601,Upland,356.9422,4.687178,13.0,S6
1718,464335.0,5263285.0,2025-01-30,S601,Upland,356.9422,4.687178,11.0,S6
1719,464335.0,5263285.0,2025-02-07,S601,Upland,356.9422,4.687178,20.0,S6
1720,464335.0,5263285.0,2024-02-14,S601,Upland,356.9422,4.687178,19.0,S6
1721,464335.0,5263285.0,2025-02-21,S601,Upland,356.9422,4.687178,22.0,S6
1722,464335.0,5263285.0,2025-03-07,S601,Upland,356.9422,4.687178,7.0,S6
1723,464335.0,5263285.0,2025-03-13,S601,Upland,356.9422,4.687178,0.0,S6
1724,464335.0,5263285.0,2025-03-20,S601,Upland,356.9422,4.687178,1.0,S6
1725,464335.0,5263285.0,2025-03-27,S601,Upland,356.9422,4.687178,0.0,S6
1726,464335.0,5263285.0,2025-04-04,S601,Upland,356.9422,4.687178,5.0,S6
1727,464335.0,5263285.0,2025-04-10,S601,Upland,356.9422,4.687178,1.0,S6
0,464819.0,5262240.0,2022-11-25,S200,Upland,193.3626,6.632267,0.0,S2
1,464819.0,5262240.0,2022-12-02,S200,Upland,193.3626,6.632267,5.0,S2
2,464819.0,5262240.0,2022-12-30,S200,Upland,193.3626,6.632267,19.25,S2
3,464819.0,5262240.0,2023-01-05,S200,Upland,193.3626,6.632267,33.5,S2
4,464819.0,5262240.0,2023-01-13,S200,Upland,193.3626,6.632267,37.0,S2
5,464819.0,5262240.0,2023-01-20,S200,Upland,193.3626,6.632267,40.0,S2
6,464819.0,5262240.0,2023-02-01,S200,Upland,193.3626,6.632267,41.5,S2
7,464819.0,5262240.0,2023-02-10,S200,Upland,193.3626,6.632267,43.0,S2
8,464819.0,5262240.0,2023-02-17,S200,Upland,193.3626,6.632267,29.0,S2
9,464819.0,5262240.0,2023-02-24,S200,Upland,193.3626,6.632267,45.0,S2
10,464819.0,5262240.0,2023-03-09,S200,Upland,193.3626,6.632267,43.0,S2
11,464819.0,5262240.0,2023-03-17,S200,Upland,193.3626,6.632267,53.0,S2
12,464819.0,5262240.0,2023-03-24,S200,Upland,193.3626,6.632267,70.0,S2
13,464819.0,5262240.0,2023-03-31,S200,Upland,193.3626,6.632267,53.0,S2
14,464819.0,5262240.0,2023-04-14,S200,Upland,193.3626,6.632267,0.0,S2
15,464819.0,5262240.0,2023-04-28,S200,Upland,193.3626,6.632267,0.0,S2
16,464819.0,5262240.0,2023-05-05,S200,Upland,193.3626,6.632267,0.0,S2
17,464819.0,5262240.0,2023-12-01,S200,Upland,193.3626,6.632267,0.0,S2
18,464819.0,5262240.0,2024-01-22,S200,Upland,193.3626,6.632267,11.0,S2
19,464819.0,5262240.0,2024-01-31,S200,Upland,193.3626,6.632267,8.0,S2
20,464819.0,5262240.0,2024-02-01,S200,Upland,193.3626,6.632267,1.0,S2
21,464819.0,5262240.0,2024-02-09,S200,Upland,193.3626,6.632267,1.0,S2
22,464819.0,5262240.0,2024-02-15,S200,Upland,193.3626,6.632267,2.0,S2
23,464819.0,5262240.0,2024-02-21,S200,Upland,193.3626,6.632267,0.0,S2
24,464819.0,5262240.0,2024-03-01,S200,Upland,193.3626,6.632267,0.5,S2
25,464819.0,5262240.0,2024-03-06,S200,Upland,193.3626,6.632267,0.0,S2
26,464819.0,5262240.0,2024-03-13,S200,Upland,193.3626,6.632267,0.0,S2
27,464819.0,5262240.0,2024-03-21,S200,Upland,193.3626,6.632267,0.0,S2
28,464819.0,5262240.0,2024-03-29,S200,Upland,193.3626,6.632267,22.0,S2
29,464819.0,5262240.0,2024-04-03,S200,Upland,193.3626,6.632267,10.0,S2
30,464819.0,5262240.0,2024-04-11,S200,Upland,193.3626,6.632267,0.0,S2
31,464819.0,5262240.0,2024-04-19,S200,Upland,193.3626,6.632267,0.0,S2
32,464819.0,5262240.0,2024-12-04,S200,Upland,193.3626,6.632267,12.0,S2
33,464819.0,5262240.0,2024-12-20,S200,Upland,193.3626,6.632267,15.0,S2
34,464819.0,5262240.0,2025-01-06,S200,Upland,193.3626,6.632267,12.0,S2
35,464819.0,5262240.0,2025-01-10,S200,Upland,193.3626,6.632267,14.0,S2
36,464819.0,5262240.0,2025-01-17,S200,Upland,193.3626,6.632267,18.0,S2
37,464819.0,5262240.0,2025-01-24,S200,Upland,193.3626,6.632267,21.0,S2
38,464819.0,5262240.0,2025-01-30,S200,Upland,193.3626,6.632267,20.0,S2
39,464819.0,5262240.0,2025-02-07,S200,Upland,193.3626,6.632267,33.0,S2
40,464819.0,5262240.0,2024-02-14,S200,Upland,193.3626,6.632267,32.0,S2
41,464819.0,5262240.0,2025-02-21,S200,Upland,193.3626,6.632267,33.0,S2
42,464819.0,5262240.0,2025-03-07,S200,Upland,193.3626,6.632267,14.0,S2
43,464819.0,5262240.0,2025-03-13,S200,Upland,193.3626,6.632267,10.0,S2
44,464819.0,5262240.0,2025-03-20,S200,Upland,193.3626,6.632267,0.0,S2
45,464819.0,5262240.0,2025-03-27,S200,Upland,193.3626,6.632267,0.0,S2
46,464819.0,5262240.0,2025-04-04,S200,Upland,193.3626,6.632267,0.0,S2
47,464819.0,5262240.0,2025-04-10,S200,Upland,193.3626,6.632267,0.0,S2
48,464819.0,5262292.0,2022-11-25,S201,Upland,115.0966,3.120716,0.0,S2
49,464819.0,5262292.0,2022-12-02,S201,Upland,115.0966,3.120716,10.0,S2
50,464819.0,5262292.0,2022-12-30,S201,Upland,115.0966,3.120716,24.0,S2
51,464819.0,5262292.0,2023-01-05,S201,Upland,115.0966,3.120716,31.0,S2
52,464819.0,5262292.0,2023-01-13,S201,Upland,115.0966,3.120716,32.0,S2
53,464819.0,5262292.0,2023-01-20,S201,Upland,115.0966,3.120716,40.0,S2
54,464819.0,5262292.0,2023-02-01,S201,Upland,115.0966,3.120716,39.5,S2
55,464819.0,5262292.0,2023-02-10,S201,Upland,115.0966,3.120716,39.0,S2
56,464819.0,5262292.0,2023-02-17,S201,Upland,115.0966,3.120716,34.0,S2
57,464819.0,5262292.0,2023-02-24,S201,Upland,115.0966,3.120716,41.0,S2
58,464819.0,5262292.0,2023-03-09,S201,Upland,115.0966,3.120716,48.0,S2
59,464819.0,5262292.0,2023-03-17,S201,Upland,115.0966,3.120716,49.0,S2
60,464819.0,5262292.0,2023-03-24,S201,Upland,115.0966,3.120716,59.0,S2
61,464819.0,5262292.0,2023-03-31,S201,Upland,115.0966,3.120716,45.0,S2
62,464819.0,5262292.0,2023-04-14,S201,Upland,115.0966,3.120716,0.0,S2
63,464819.0,5262292.0,2023-04-28,S201,Upland,115.0966,3.120716,0.0,S2
64,464819.0,5262292.0,2023-05-05,S201,Upland,115.0966,3.120716,0.0,S2
65,464819.0,5262292.0,2023-12-01,S201,Upland,115.0966,3.120716,0.0,S2
66,464819.0,5262292.0,2024-01-22,S201,Upland,115.0966,3.120716,10.0,S2
67,464819.0,5262292.0,2024-01-31,S201,Upland,115.0966,3.120716,7.0,S2
68,464819.0,5262292.0,2024-02-01,S201,Upland,115.0966,3.120716,0.5,S2
69,464819.0,5262292.0,2024-02-09,S201,Upland,115.0966,3.120716,0.5,S2
70,464819.0,5262292.0,2024-02-15,S201,Upland,115.0966,3.120716,1.0,S2
71,464819.0,5262292.0,2024-02-21,S201,Upland,115.0966,3.120716,0.0,S2
72,464819.0,5262292.0,2024-03-01,S201,Upland,115.0966,3.120716,0.5,S2
73,464819.0,5262292.0,2024-03-06,S201,Upland,115.0966,3.120716,0.0,S2
74,464819.0,5262292.0,2024-03-13,S201,Upland,115.0966,3.120716,0.0,S2
75,464819.0,5262292.0,2024-03-21,S201,Upland,115.0966,3.120716,0.0,S2
76,464819.0,5262292.0,2024-03-29,S201,Upland,115.0966,3.120716,18.0,S2
77,464819.0,5262292.0,2024-04-03,S201,Upland,115.0966,3.120716,8.0,S2
78,464819.0,5262292.0,2024-04-11,S201,Upland,115.0966,3.120716,0.0,S2
79,464819.0,5262292.0,2024-04-19,S201,Upland,115.0966,3.120716,0.0,S2
80,464819.0,5262292.0,2024-12-04,S201,Upland,115.0966,3.120716,10.0,S2
81,464819.0,5262292.0,2024-12-20,S201,Upland,115.0966,3.120716,15.0,S2
82,464819.0,5262292.0,2025-01-06,S201,Upland,115.0966,3.120716,11.0,S2
83,464819.0,5262292.0,2025-01-10,S201,Upland,115.0966,3.120716,15.0,S2
84,464819.0,5262292.0,2025-01-17,S201,Upland,115.0966,3.120716,16.0,S2
85,464819.0,5262292.0,2025-01-24,S201,Upland,115.0966,3.120716,19.0,S2
86,464819.0,5262292.0,2025-01-30,S201,Upland,115.0966,3.120716,18.0,S2
87,464819.0,5262292.0,2025-02-07,S201,Upland,115.0966,3.120716,31.0,S2
88,464819.0,5262292.0,2024-02-14,S201,Upland,115.0966,3.120716,29.0,S2
89,464819.0,5262292.0,2025-02-21,S201,Upland,115.0966,3.120716,32.0,S2
90,464819.0,5262292.0,2025-03-07,S201,Upland,115.0966,3.120716,9.0,S2
91,464819.0,5262292.0,2025-03-13,S201,Upland,115.0966,3.120716,7.0,S2
92,464819.0,5262292.0,2025-03-20,S201,Upland,115.0966,3.120716,0.0,S2
93,464819.0,5262292.0,2025-03-27,S201,Upland,115.0966,3.120716,0.0,S2
94,464819.0,5262292.0,2025-04-04,S201,Upland,115.0966,3.120716,0.0,S2
95,464819.0,5262292.0,2025-04-10,S201,Upland,115.0966,3.120716,0.0,S2
96,464819.0,5262344.0,2022-11-25,S202,Upland,352.4059,2.16637,0.0,S2
97,464819.0,5262344.0,2022-12-02,S202,Upland,352.4059,2.16637,0.0,S2
98,464819.0,5262344.0,2022-12-30,S202,Upland,352.4059,2.16637,24.0,S2
99,464819.0,5262344.0,2023-01-05,S202,Upland,352.4059,2.16637,25.0,S2
100,464819.0,5262344.0,2023-01-13,S202,Upland,352.4059,2.16637,22.0,S2
101,464819.0,5262344.0,2023-01-20,S202,Upland,352.4059,2.16637,28.5,S2
102,464819.0,5262344.0,2023-02-01,S202,Upland,352.4059,2.16637,27.75,S2
103,464819.0,5262344.0,2023-02-10,S202,Upland,352.4059,2.16637,27.0,S2
104,464819.0,5262344.0,2023-02-17,S202,Upland,352.4059,2.16637,26.0,S2
105,464819.0,5262344.0,2023-02-24,S202,Upland,352.4059,2.16637,32.0,S2
106,464819.0,5262344.0,2023-03-09,S202,Upland,352.4059,2.16637,29.5,S2
107,464819.0,5262344.0,2023-03-17,S202,Upland,352.4059,2.16637,33.0,S2
108,464819.0,5262344.0,2023-03-24,S202,Upland,352.4059,2.16637,33.0,S2
109,464819.0,5262344.0,2023-03-31,S202,Upland,352.4059,2.16637,29.0,S2
110,464819.0,5262344.0,2023-04-14,S202,Upland,352.4059,2.16637,0.0,S2
111,464819.0,5262344.0,2023-04-28,S202,Upland,352.4059,2.16637,0.0,S2
112,464819.0,5262344.0,2023-05-05,S202,Upland,352.4059,2.16637,0.0,S2
113,464819.0,5262344.0,2023-12-01,S202,Upland,352.4059,2.16637,0.0,S2
114,464819.0,5262344.0,2024-01-22,S202,Upland,352.4059,2.16637,13.0,S2
115,464819.0,5262344.0,2024-01-31,S202,Upland,352.4059,2.16637,8.0,S2
116,464819.0,5262344.0,2024-02-01,S202,Upland,352.4059,2.16637,0.5,S2
117,464819.0,5262344.0,2024-02-09,S202,Upland,352.4059,2.16637,0.5,S2
118,464819.0,5262344.0,2024-02-15,S202,Upland,352.4059,2.16637,2.0,S2
119,464819.0,5262344.0,2024-02-21,S202,Upland,352.4059,2.16637,0.0,S2
120,464819.0,5262344.0,2024-03-01,S202,Upland,352.4059,2.16637,0.5,S2
121,464819.0,5262344.0,2024-03-06,S202,Upland,352.4059,2.16637,0.0,S2
122,464819.0,5262344.0,2024-03-13,S202,Upland,352.4059,2.16637,0.0,S2
123,464819.0,5262344.0,2024-03-21,S202,Upland,352.4059,2.16637,0.0,S2
124,464819.0,5262344.0,2024-03-29,S202,Upland,352.4059,2.16637,18.0,S2
125,464819.0,5262344.0,2024-04-03,S202,Upland,352.4059,2.16637,7.0,S2
126,464819.0,5262344.0,2024-04-11,S202,Upland,352.4059,2.16637,0.0,S2
127,464819.0,5262344.0,2024-04-19,S202,Upland,352.4059,2.16637,0.0,S2
128,464819.0,5262344.0,2024-12-04,S202,Upland,352.4059,2.16637,11.0,S2
129,464819.0,5262344.0,2024-12-20,S202,Upland,352.4059,2.16637,20.0,S2
130,464819.0,5262344.0,2025-01-06,S202,Upland,352.4059,2.16637,9.0,S2
131,464819.0,5262344.0,2025-01-10,S202,Upland,352.4059,2.16637,11.0,S2
132,464819.0,5262344.0,2025-01-17,S202,Upland,352.4059,2.16637,18.0,S2
133,464819.0,5262344.0,2025-01-24,S202,Upland,352.4059,2.16637,24.0,S2
134,464819.0,5262344.0,2025-01-30,S202,Upland,352.4059,2.16637,21.0,S2
135,464819.0,5262344.0,2025-02-07,S202,Upland,352.4059,2.16637,37.0,S2
136,464819.0,5262344.0,2024-02-14,S202,Upland,352.4059,2.16637,33.0,S2
137,464819.0,5262344.0,2025-02-21,S202,Upland,352.4059,2.16637,36.0,S2
138,464819.0,5262344.0,2025-03-07,S202,Upland,352.4059,2.16637,19.0,S2
139,464819.0,5262344.0,2025-03-13,S202,Upland,352.4059,2.16637,15.0,S2
140,464819.0,5262344.0,2025-03-20,S202,Upland,352.4059,2.16637,0.0,S2
141,464819.0,5262344.0,2025-03-27,S202,Upland,352.4059,2.16637,0.0,S2
142,464819.0,5262344.0,2025-04-04,S202,Upland,352.4059,2.16637,0.0,S2
143,464819.0,5262344.0,2025-04-10,S202,Upland,352.4059,2.16637,0.0,S2
144,464819.0,5262396.0,2022-11-25,S203,Upland,135.0012,7.45287,0.0,S2
145,464819.0,5262396.0,2022-12-02,S203,Upland,135.0012,7.45287,8.5,S2
146,464819.0,5262396.0,2022-12-30,S203,Upland,135.0012,7.45287,32.0,S2
147,464819.0,5262396.0,2023-01-05,S203,Upland,135.0012,7.45287,45.0,S2
148,464819.0,5262396.0,2023-01-13,S203,Upland,135.0012,7.45287,38.0,S2
149,464819.0,5262396.0,2023-01-20,S203,Upland,135.0012,7.45287,29.0,S2
150,464819.0,5262396.0,2023-02-01,S203,Upland,135.0012,7.45287,30.5,S2
151,464819.0,5262396.0,2023-02-10,S203,Upland,135.0012,7.45287,32.0,S2
152,464819.0,5262396.0,2023-02-17,S203,Upland,135.0012,7.45287,28.0,S2
153,464819.0,5262396.0,2023-02-24,S203,Upland,135.0012,7.45287,42.0,S2
154,464819.0,5262396.0,2023-03-09,S203,Upland,135.0012,7.45287,29.0,S2
155,464819.0,5262396.0,2023-03-17,S203,Upland,135.0012,7.45287,38.0,S2
156,464819.0,5262396.0,2023-03-24,S203,Upland,135.0012,7.45287,38.0,S2
157,464819.0,5262396.0,2023-03-31,S203,Upland,135.0012,7.45287,49.0,S2
158,464819.0,5262396.0,2023-04-14,S203,Upland,135.0012,7.45287,0.0,S2
159,464819.0,5262396.0,2023-04-28,S203,Upland,135.0012,7.45287,0.0,S2
160,464819.0,5262396.0,2023-05-05,S203,Upland,135.0012,7.45287,0.0,S2
161,464819.0,5262396.0,2023-12-01,S203,Upland,135.0012,7.45287,0.0,S2
162,464819.0,5262396.0,2024-01-22,S203,Upland,135.0012,7.45287,8.0,S2
163,464819.0,5262396.0,2024-01-31,S203,Upland,135.0012,7.45287,5.0,S2
164,464819.0,5262396.0,2024-02-01,S203,Upland,135.0012,7.45287,0.5,S2
165,464819.0,5262396.0,2024-02-09,S203,Upland,135.0012,7.45287,0.5,S2
166,464819.0,5262396.0,2024-02-15,S203,Upland,135.0012,7.45287,1.0,S2
167,464819.0,5262396.0,2024-02-21,S203,Upland,135.0012,7.45287,0.0,S2
168,464819.0,5262396.0,2024-03-01,S203,Upland,135.0012,7.45287,0.5,S2
169,464819.0,5262396.0,2024-03-06,S203,Upland,135.0012,7.45287,0.0,S2
170,464819.0,5262396.0,2024-03-13,S203,Upland,135.0012,7.45287,0.0,S2
171,464819.0,5262396.0,2024-03-21,S203,Upland,135.0012,7.45287,0.0,S2
172,464819.0,5262396.0,2024-03-29,S203,Upland,135.0012,7.45287,12.0,S2
173,464819.0,5262396.0,2024-04-03,S203,Upland,135.0012,7.45287,8.0,S2
174,464819.0,5262396.0,2024-04-11,S203,Upland,135.0012,7.45287,0.0,S2
175,464819.0,5262396.0,2024-04-19,S203,Upland,135.0012,7.45287,0.0,S2
176,464819.0,5262396.0,2024-12-04,S203,Upland,135.0012,7.45287,9.0,S2
177,464819.0,5262396.0,2024-12-20,S203,Upland,135.0012,7.45287,12.0,S2
178,464819.0,5262396.0,2025-01-06,S203,Upland,135.0012,7.45287,10.0,S2
179,464819.0,5262396.0,2025-01-10,S203,Upland,135.0012,7.45287,13.0,S2
180,464819.0,5262396.0,2025-01-17,S203,Upland,135.0012,7.45287,13.0,S2
181,464819.0,5262396.0,2025-01-24,S203,Upland,135.0012,7.45287,20.0,S2
182,464819.0,5262396.0,2025-01-30,S203,Upland,135.0012,7.45287,17.0,S2
183,464819.0,5262396.0,2025-02-07,S203,Upland,135.0012,7.45287,33.0,S2
184,464819.0,5262396.0,2024-02-14,S203,Upland,135.0012,7.45287,36.0,S2
185,464819.0,5262396.0,2025-02-21,S203,Upland,135.0012,7.45287,29.0,S2
186,464819.0,5262396.0,2025-03-07,S203,Upland,135.0012,7.45287,14.0,S2
187,464819.0,5262396.0,2025-03-13,S203,Upland,135.0012,7.45287,6.0,S2
188,464819.0,5262396.0,2025-03-20,S203,Upland,135.0012,7.45287,0.0,S2
189,464819.0,5262396.0,2025-03-27,S203,Upland,135.0012,7.45287,0.0,S2
190,464819.0,5262396.0,2025-04-04,S203,Upland,135.0012,7.45287,7.0,S2
191,464819.0,5262396.0,2025-04-10,S203,Upland,135.0012,7.45287,0.0,S2
192,464819.0,5262448.0,2022-11-25,S204,Upland,254.4066,9.503919,0.0,S2
193,464819.0,5262448.0,2022-12-02,S204,Upland,254.4066,9.503919,0.0,S2
194,464819.0,5262448.0,2022-12-30,S204,Upland,254.4066,9.503919,23.5,S2
195,464819.0,5262448.0,2023-01-05,S204,Upland,254.4066,9.503919,21.0,S2
196,464819.0,5262448.0,2023-01-13,S204,Upland,254.4066,9.503919,7.0,S2
197,464819.0,5262448.0,2023-01-20,S204,Upland,254.4066,9.503919,25.0,S2
198,464819.0,5262448.0,2023-02-01,S204,Upland,254.4066,9.503919,25.0,S2
199,464819.0,5262448.0,2023-02-10,S204,Upland,254.4066,9.503919,25.0,S2
200,464819.0,5262448.0,2023-02-17,S204,Upland,254.4066,9.503919,15.0,S2
201,464819.0,5262448.0,2023-02-24,S204,Upland,254.4066,9.503919,31.0,S2
202,464819.0,5262448.0,2023-03-09,S204,Upland,254.4066,9.503919,29.0,S2
203,464819.0,5262448.0,2023-03-17,S204,Upland,254.4066,9.503919,36.0,S2
204,464819.0,5262448.0,2023-03-24,S204,Upland,254.4066,9.503919,34.0,S2
205,464819.0,5262448.0,2023-03-31,S204,Upland,254.4066,9.503919,20.0,S2
206,464819.0,5262448.0,2023-04-14,S204,Upland,254.4066,9.503919,0.0,S2
207,464819.0,5262448.0,2023-04-28,S204,Upland,254.4066,9.503919,0.0,S2
208,464819.0,5262448.0,2023-05-05,S204,Upland,254.4066,9.503919,0.0,S2
209,464819.0,5262448.0,2023-12-01,S204,Upland,254.4066,9.503919,0.0,S2
210,464819.0,5262448.0,2024-01-22,S204,Upland,254.4066,9.503919,6.0,S2
211,464819.0,5262448.0,2024-01-31,S204,Upland,254.4066,9.503919,3.0,S2
212,464819.0,5262448.0,2024-02-01,S204,Upland,254.4066,9.503919,0.5,S2
213,464819.0,5262448.0,2024-02-09,S204,Upland,254.4066,9.503919,0.5,S2
214,464819.0,5262448.0,2024-02-15,S204,Upland,254.4066,9.503919,0.5,S2
215,464819.0,5262448.0,2024-02-21,S204,Upland,254.4066,9.503919,0.0,S2
216,464819.0,5262448.0,2024-03-01,S204,Upland,254.4066,9.503919,0.5,S2
217,464819.0,5262448.0,2024-03-06,S204,Upland,254.4066,9.503919,0.0,S2
218,464819.0,5262448.0,2024-03-13,S204,Upland,254.4066,9.503919,0.0,S2
219,464819.0,5262448.0,2024-03-21,S204,Upland,254.4066,9.503919,0.0,S2
220,464819.0,5262448.0,2024-03-29,S204,Upland,254.4066,9.503919,17.0,S2
221,464819.0,5262448.0,2024-04-03,S204,Upland,254.4066,9.503919,8.0,S2
222,464819.0,5262448.0,2024-04-11,S204,Upland,254.4066,9.503919,0.0,S2
223,464819.0,5262448.0,2024-04-19,S204,Upland,254.4066,9.503919,0.0,S2
224,464819.0,5262448.0,2024-12-04,S204,Upland,254.4066,9.503919,6.0,S2
225,464819.0,5262448.0,2024-12-20,S204,Upland,254.4066,9.503919,7.0,S2
226,464819.0,5262448.0,2025-01-06,S204,Upland,254.4066,9.503919,4.0,S2
227,464819.0,5262448.0,2025-01-10,S204,Upland,254.4066,9.503919,6.0,S2
228,464819.0,5262448.0,2025-01-17,S204,Upland,254.4066,9.503919,9.0,S2
229,464819.0,5262448.0,2025-01-24,S204,Upland,254.4066,9.503919,11.0,S2
230,464819.0,5262448.0,2025-01-30,S204,Upland,254.4066,9.503919,10.0,S2
231,464819.0,5262448.0,2025-02-07,S204,Upland,254.4066,9.503919,23.0,S2
232,464819.0,5262448.0,2024-02-14,S204,Upland,254.4066,9.503919,18.0,S2
233,464819.0,5262448.0,2025-02-21,S204,Upland,254.4066,9.503919,18.0,S2
234,464819.0,5262448.0,2025-03-07,S204,Upland,254.4066,9.503919,1.0,S2
235,464819.0,5262448.0,2025-03-13,S204,Upland,254.4066,9.503919,0.0,S2
236,464819.0,5262448.0,2025-03-20,S204,Upland,254.4066,9.503919,0.0,S2
237,464819.0,5262448.0,2025-03-27,S204,Upland,254.4066,9.503919,0.0,S2
238,464819.0,5262448.0,2025-04-04,S204,Upland,254.4066,9.503919,7.0,S2
239,464819.0,5262448.0,2025-04-10,S204,Upland,254.4066,9.503919,2.0,S2
240,464819.0,5262500.0,2022-11-25,S205,Upland,355.2919,3.051387,0.0,S2
241,464819.0,5262500.0,2022-12-02,S205,Upland,355.2919,3.051387,3.0,S2
242,464819.0,5262500.0,2022-12-30,S205,Upland,355.2919,3.051387,25.0,S2
243,464819.0,5262500.0,2023-01-05,S205,Upland,355.2919,3.051387,34.0,S2
244,464819.0,5262500.0,2023-01-13,S205,Upland,355.2919,3.051387,26.0,S2
245,464819.0,5262500.0,2023-01-20,S205,Upland,355.2919,3.051387,33.5,S2
246,464819.0,5262500.0,2023-02-01,S205,Upland,355.2919,3.051387,35.75,S2
247,464819.0,5262500.0,2023-02-10,S205,Upland,355.2919,3.051387,38.0,S2
248,464819.0,5262500.0,2023-02-17,S205,Upland,355.2919,3.051387,35.0,S2
249,464819.0,5262500.0,2023-02-24,S205,Upland,355.2919,3.051387,44.0,S2
250,464819.0,5262500.0,2023-03-09,S205,Upland,355.2919,3.051387,39.0,S2
251,464819.0,5262500.0,2023-03-17,S205,Upland,355.2919,3.051387,55.0,S2
252,464819.0,5262500.0,2023-03-24,S205,Upland,355.2919,3.051387,62.0,S2
253,464819.0,5262500.0,2023-03-31,S205,Upland,355.2919,3.051387,57.0,S2
254,464819.0,5262500.0,2023-04-14,S205,Upland,355.2919,3.051387,6.0,S2
255,464819.0,5262500.0,2023-04-28,S205,Upland,355.2919,3.051387,0.0,S2
256,464819.0,5262500.0,2023-05-05,S205,Upland,355.2919,3.051387,0.0,S2
257,464819.0,5262500.0,2023-12-01,S205,Upland,355.2919,3.051387,0.0,S2
258,464819.0,5262500.0,2024-01-22,S205,Upland,355.2919,3.051387,10.0,S2
259,464819.0,5262500.0,2024-01-31,S205,Upland,355.2919,3.051387,9.0,S2
260,464819.0,5262500.0,2024-02-01,S205,Upland,355.2919,3.051387,0.5,S2
261,464819.0,5262500.0,2024-02-09,S205,Upland,355.2919,3.051387,0.5,S2
262,464819.0,5262500.0,2024-02-15,S205,Upland,355.2919,3.051387,0.5,S2
263,464819.0,5262500.0,2024-02-21,S205,Upland,355.2919,3.051387,0.0,S2
264,464819.0,5262500.0,2024-03-01,S205,Upland,355.2919,3.051387,0.5,S2
265,464819.0,5262500.0,2024-03-06,S205,Upland,355.2919,3.051387,0.0,S2
266,464819.0,5262500.0,2024-03-13,S205,Upland,355.2919,3.051387,0.0,S2
267,464819.0,5262500.0,2024-03-21,S205,Upland,355.2919,3.051387,0.0,S2
268,464819.0,5262500.0,2024-03-29,S205,Upland,355.2919,3.051387,20.0,S2
269,464819.0,5262500.0,2024-04-03,S205,Upland,355.2919,3.051387,10.0,S2
270,464819.0,5262500.0,2024-04-11,S205,Upland,355.2919,3.051387,0.0,S2
271,464819.0,5262500.0,2024-04-19,S205,Upland,355.2919,3.051387,0.0,S2
272,464819.0,5262500.0,2024-12-04,S205,Upland,355.2919,3.051387,10.0,S2
273,464819.0,5262500.0,2024-12-20,S205,Upland,355.2919,3.051387,16.0,S2
274,464819.0,5262500.0,2025-01-06,S205,Upland,355.2919,3.051387,12.0,S2
275,464819.0,5262500.0,2025-01-10,S205,Upland,355.2919,3.051387,10.0,S2
276,464819.0,5262500.0,2025-01-17,S205,Upland,355.2919,3.051387,21.0,S2
277,464819.0,5262500.0,2025-01-24,S205,Upland,355.2919,3.051387,21.0,S2
278,464819.0,5262500.0,2025-01-30,S205,Upland,355.2919,3.051387,20.0,S2
279,464819.0,5262500.0,2025-02-07,S205,Upland,355.2919,3.051387,35.0,S2
280,464819.0,5262500.0,2024-02-14,S205,Upland,355.2919,3.051387,29.0,S2
281,464819.0,5262500.0,2025-02-21,S205,Upland,355.2919,3.051387,31.0,S2
282,464819.0,5262500.0,2025-03-07,S205,Upland,355.2919,3.051387,14.0,S2
283,464819.0,5262500.0,2025-03-13,S205,Upland,355.2919,3.051387,10.0,S2
284,464819.0,5262500.0,2025-03-20,S205,Upland,355.2919,3.051387,0.5,S2
285,464819.0,5262500.0,2025-03-27,S205,Upland,355.2919,3.051387,0.0,S2
286,464819.0,5262500.0,2025-04-04,S205,Upland,355.2919,3.051387,10.0,S2
287,464819.0,5262500.0,2025-04-10,S205,Upland,355.2919,3.051387,2.0,S2
384,464744.8,5262292.0,2022-11-25,S211,Lagg,332.3497,0.84887,0.0,S2
385,464744.8,5262292.0,2022-12-02,S211,Lagg,332.3497,0.84887,11.0,S2
386,464744.8,5262292.0,2022-12-30,S211,Lagg,332.3497,0.84887,26.0,S2
387,464744.8,5262292.0,2023-01-05,S211,Lagg,332.3497,0.84887,34.0,S2
388,464744.8,5262292.0,2023-01-13,S211,Lagg,332.3497,0.84887,38.0,S2
389,464744.8,5262292.0,2023-01-20,S211,Lagg,332.3497,0.84887,43.5,S2
390,464744.8,5262292.0,2023-02-01,S211,Lagg,332.3497,0.84887,42.25,S2
391,464744.8,5262292.0,2023-02-10,S211,Lagg,332.3497,0.84887,41.0,S2
392,464744.8,5262292.0,2023-02-17,S211,Lagg,332.3497,0.84887,51.0,S2
393,464744.8,5262292.0,2023-02-24,S211,Lagg,332.3497,0.84887,50.0,S2
394,464744.8,5262292.0,2023-03-09,S211,Lagg,332.3497,0.84887,39.0,S2
395,464744.8,5262292.0,2023-03-17,S211,Lagg,332.3497,0.84887,60.0,S2
396,464744.8,5262292.0,2023-03-24,S211,Lagg,332.3497,0.84887,57.0,S2
397,464744.8,5262292.0,2023-03-31,S211,Lagg,332.3497,0.84887,64.0,S2
398,464744.8,5262292.0,2023-04-14,S211,Lagg,332.3497,0.84887,7.0,S2
399,464744.8,5262292.0,2023-04-28,S211,Lagg,332.3497,0.84887,0.0,S2
400,464744.8,5262292.0,2023-05-05,S211,Lagg,332.3497,0.84887,0.0,S2
401,464744.8,5262292.0,2023-12-01,S211,Lagg,332.3497,0.84887,0.0,S2
402,464744.8,5262292.0,2024-01-22,S211,Lagg,332.3497,0.84887,11.0,S2
403,464744.8,5262292.0,2024-01-31,S211,Lagg,332.3497,0.84887,9.0,S2
404,464744.8,5262292.0,2024-02-01,S211,Lagg,332.3497,0.84887,2.0,S2
405,464744.8,5262292.0,2024-02-09,S211,Lagg,332.3497,0.84887,2.0,S2
406,464744.8,5262292.0,2024-02-15,S211,Lagg,332.3497,0.84887,2.0,S2
407,464744.8,5262292.0,2024-02-21,S211,Lagg,332.3497,0.84887,2.0,S2
408,464744.8,5262292.0,2024-03-01,S211,Lagg,332.3497,0.84887,0.5,S2
409,464744.8,5262292.0,2024-03-06,S211,Lagg,332.3497,0.84887,0.0,S2
410,464744.8,5262292.0,2024-03-13,S211,Lagg,332.3497,0.84887,0.0,S2
411,464744.8,5262292.0,2024-03-21,S211,Lagg,332.3497,0.84887,0.0,S2
412,464744.8,5262292.0,2024-03-29,S211,Lagg,332.3497,0.84887,18.0,S2
413,464744.8,5262292.0,2024-04-03,S211,Lagg,332.3497,0.84887,10.0,S2
414,464744.8,5262292.0,2024-04-11,S211,Lagg,332.3497,0.84887,0.0,S2
415,464744.8,5262292.0,2024-04-19,S211,Lagg,332.3497,0.84887,0.0,S2
416,464744.8,5262292.0,2024-12-04,S211,Lagg,332.3497,0.84887,11.0,S2
417,464744.8,5262292.0,2024-12-20,S211,Lagg,332.3497,0.84887,19.0,S2
418,464744.8,5262292.0,2025-01-06,S211,Lagg,332.3497,0.84887,13.0,S2
419,464744.8,5262292.0,2025-01-10,S211,Lagg,332.3497,0.84887,13.0,S2
420,464744.8,5262292.0,2025-01-17,S211,Lagg,332.3497,0.84887,20.0,S2
421,464744.8,5262292.0,2025-01-24,S211,Lagg,332.3497,0.84887,25.0,S2
422,464744.8,5262292.0,2025-01-30,S211,Lagg,332.3497,0.84887,24.0,S2
423,464744.8,5262292.0,2025-02-07,S211,Lagg,332.3497,0.84887,36.0,S2
424,464744.8,5262292.0,2024-02-14,S211,Lagg,332.3497,0.84887,35.0,S2
425,464744.8,5262292.0,2025-02-21,S211,Lagg,332.3497,0.84887,35.0,S2
426,464744.8,5262292.0,2025-03-07,S211,Lagg,332.3497,0.84887,21.0,S2
427,464744.8,5262292.0,2025-03-13,S211,Lagg,332.3497,0.84887,18.0,S2
428,464744.8,5262292.0,2025-03-20,S211,Lagg,332.3497,0.84887,5.0,S2
429,464744.8,5262292.0,2025-03-27,S211,Lagg,332.3497,0.84887,5.0,S2
430,464744.8,5262292.0,2025-04-04,S211,Lagg,332.3497,0.84887,8.0,S2
431,464744.8,5262292.0,2025-04-10,S211,Lagg,332.3497,0.84887,0.0,S2
432,464744.8,5262344.0,2022-11-25,S212,Lagg,291.1621,2.37949,0.0,S2
433,464744.8,5262344.0,2022-12-02,S212,Lagg,291.1621,2.37949,5.0,S2
434,464744.8,5262344.0,2022-12-30,S212,Lagg,291.1621,2.37949,22.5,S2
435,464744.8,5262344.0,2023-01-05,S212,Lagg,291.1621,2.37949,27.5,S2
436,464744.8,5262344.0,2023-01-13,S212,Lagg,291.1621,2.37949,29.0,S2
437,464744.8,5262344.0,2023-01-20,S212,Lagg,291.1621,2.37949,32.0,S2
438,464744.8,5262344.0,2023-02-01,S212,Lagg,291.1621,2.37949,34.0,S2
439,464744.8,5262344.0,2023-02-10,S212,Lagg,291.1621,2.37949,36.0,S2
440,464744.8,5262344.0,2023-02-17,S212,Lagg,291.1621,2.37949,28.0,S2
441,464744.8,5262344.0,2023-02-24,S212,Lagg,291.1621,2.37949,41.0,S2
442,464744.8,5262344.0,2023-03-09,S212,Lagg,291.1621,2.37949,30.0,S2
443,464744.8,5262344.0,2023-03-17,S212,Lagg,291.1621,2.37949,51.0,S2
444,464744.8,5262344.0,2023-03-24,S212,Lagg,291.1621,2.37949,58.0,S2
445,464744.8,5262344.0,2023-03-31,S212,Lagg,291.1621,2.37949,50.0,S2
446,464744.8,5262344.0,2023-04-14,S212,Lagg,291.1621,2.37949,10.0,S2
447,464744.8,5262344.0,2023-04-28,S212,Lagg,291.1621,2.37949,0.0,S2
448,464744.8,5262344.0,2023-05-05,S212,Lagg,291.1621,2.37949,0.0,S2
449,464744.8,5262344.0,2023-12-01,S212,Lagg,291.1621,2.37949,0.0,S2
450,464744.8,5262344.0,2024-01-22,S212,Lagg,291.1621,2.37949,5.0,S2
451,464744.8,5262344.0,2024-01-31,S212,Lagg,291.1621,2.37949,5.0,S2
452,464744.8,5262344.0,2024-02-01,S212,Lagg,291.1621,2.37949,0.5,S2
453,464744.8,5262344.0,2024-02-09,S212,Lagg,291.1621,2.37949,0.5,S2
454,464744.8,5262344.0,2024-02-15,S212,Lagg,291.1621,2.37949,0.5,S2
455,464744.8,5262344.0,2024-02-21,S212,Lagg,291.1621,2.37949,0.0,S2
456,464744.8,5262344.0,2024-03-01,S212,Lagg,291.1621,2.37949,0.5,S2
457,464744.8,5262344.0,2024-03-06,S212,Lagg,291.1621,2.37949,0.0,S2
458,464744.8,5262344.0,2024-03-13,S212,Lagg,291.1621,2.37949,0.0,S2
459,464744.8,5262344.0,2024-03-21,S212,Lagg,291.1621,2.37949,0.0,S2
460,464744.8,5262344.0,2024-03-29,S212,Lagg,291.1621,2.37949,16.0,S2
461,464744.8,5262344.0,2024-04-03,S212,Lagg,291.1621,2.37949,9.0,S2
462,464744.8,5262344.0,2024-04-11,S212,Lagg,291.1621,2.37949,0.0,S2
463,464744.8,5262344.0,2024-04-19,S212,Lagg,291.1621,2.37949,0.0,S2
464,464744.8,5262344.0,2024-12-04,S212,Lagg,291.1621,2.37949,7.0,S2
465,464744.8,5262344.0,2024-12-20,S212,Lagg,291.1621,2.37949,11.0,S2
466,464744.8,5262344.0,2025-01-06,S212,Lagg,291.1621,2.37949,9.0,S2
467,464744.8,5262344.0,2025-01-10,S212,Lagg,291.1621,2.37949,9.0,S2
468,464744.8,5262344.0,2025-01-17,S212,Lagg,291.1621,2.37949,16.0,S2
469,464744.8,5262344.0,2025-01-24,S212,Lagg,291.1621,2.37949,15.0,S2
470,464744.8,5262344.0,2025-01-30,S212,Lagg,291.1621,2.37949,17.0,S2
471,464744.8,5262344.0,2025-02-07,S212,Lagg,291.1621,2.37949,27.0,S2
472,464744.8,5262344.0,2024-02-14,S212,Lagg,291.1621,2.37949,25.0,S2
473,464744.8,5262344.0,2025-02-21,S212,Lagg,291.1621,2.37949,28.0,S2
474,464744.8,5262344.0,2025-03-07,S212,Lagg,291.1621,2.37949,13.0,S2
475,464744.8,5262344.0,2025-03-13,S212,Lagg,291.1621,2.37949,5.0,S2
476,464744.8,5262344.0,2025-03-20,S212,Lagg,291.1621,2.37949,0.0,S2
477,464744.8,5262344.0,2025-03-27,S212,Lagg,291.1621,2.37949,0.0,S2
478,464744.8,5262344.0,2025-04-04,S212,Lagg,291.1621,2.37949,8.0,S2
479,464744.8,5262344.0,2025-04-10,S212,Lagg,291.1621,2.37949,2.0,S2
480,464744.8,5262396.0,2022-11-25,S213,Bog,120.0787,0.78623,0.0,S2
481,464744.8,5262396.0,2022-12-02,S213,Bog,120.0787,0.78623,19.0,S2
482,464744.8,5262396.0,2022-12-30,S213,Bog,120.0787,0.78623,28.0,S2
483,464744.8,5262396.0,2023-01-05,S213,Bog,120.0787,0.78623,37.0,S2
484,464744.8,5262396.0,2023-01-13,S213,Bog,120.0787,0.78623,41.0,S2
485,464744.8,5262396.0,2023-01-20,S213,Bog,120.0787,0.78623,47.0,S2
486,464744.8,5262396.0,2023-02-01,S213,Bog,120.0787,0.78623,39.0,S2
487,464744.8,5262396.0,2023-02-10,S213,Bog,120.0787,0.78623,31.0,S2
488,464744.8,5262396.0,2023-02-17,S213,Bog,120.0787,0.78623,37.0,S2
489,464744.8,5262396.0,2023-02-24,S213,Bog,120.0787,0.78623,52.0,S2
490,464744.8,5262396.0,2023-03-09,S213,Bog,120.0787,0.78623,62.5,S2
491,464744.8,5262396.0,2023-03-17,S213,Bog,120.0787,0.78623,41.0,S2
492,464744.8,5262396.0,2023-03-24,S213,Bog,120.0787,0.78623,78.0,S2
493,464744.8,5262396.0,2023-03-31,S213,Bog,120.0787,0.78623,76.0,S2
494,464744.8,5262396.0,2023-04-14,S213,Bog,120.0787,0.78623,21.0,S2
495,464744.8,5262396.0,2023-04-28,S213,Bog,120.0787,0.78623,6.0,S2
496,464744.8,5262396.0,2023-05-05,S213,Bog,120.0787,0.78623,0.0,S2
497,464744.8,5262396.0,2023-12-01,S213,Bog,120.0787,0.78623,0.0,S2
498,464744.8,5262396.0,2024-01-22,S213,Bog,120.0787,0.78623,17.0,S2
499,464744.8,5262396.0,2024-01-31,S213,Bog,120.0787,0.78623,7.0,S2
500,464744.8,5262396.0,2024-02-01,S213,Bog,120.0787,0.78623,2.0,S2
501,464744.8,5262396.0,2024-02-09,S213,Bog,120.0787,0.78623,2.0,S2
502,464744.8,5262396.0,2024-02-15,S213,Bog,120.0787,0.78623,2.0,S2
503,464744.8,5262396.0,2024-02-21,S213,Bog,120.0787,0.78623,1.0,S2
504,464744.8,5262396.0,2024-03-01,S213,Bog,120.0787,0.78623,0.5,S2
505,464744.8,5262396.0,2024-03-06,S213,Bog,120.0787,0.78623,0.0,S2
506,464744.8,5262396.0,2024-03-13,S213,Bog,120.0787,0.78623,0.0,S2
507,464744.8,5262396.0,2024-03-21,S213,Bog,120.0787,0.78623,0.0,S2
508,464744.8,5262396.0,2024-03-29,S213,Bog,120.0787,0.78623,20.0,S2
509,464744.8,5262396.0,2024-04-03,S213,Bog,120.0787,0.78623,11.0,S2
510,464744.8,5262396.0,2024-04-11,S213,Bog,120.0787,0.78623,0.0,S2
511,464744.8,5262396.0,2024-04-19,S213,Bog,120.0787,0.78623,0.0,S2
512,464744.8,5262396.0,2024-12-04,S213,Bog,120.0787,0.78623,12.0,S2
513,464744.8,5262396.0,2024-12-20,S213,Bog,120.0787,0.78623,23.0,S2
514,464744.8,5262396.0,2025-01-06,S213,Bog,120.0787,0.78623,15.0,S2
515,464744.8,5262396.0,2025-01-10,S213,Bog,120.0787,0.78623,21.0,S2
516,464744.8,5262396.0,2025-01-17,S213,Bog,120.0787,0.78623,20.0,S2
517,464744.8,5262396.0,2025-01-24,S213,Bog,120.0787,0.78623,25.0,S2
518,464744.8,5262396.0,2025-01-30,S213,Bog,120.0787,0.78623,27.0,S2
519,464744.8,5262396.0,2025-02-07,S213,Bog,120.0787,0.78623,38.0,S2
520,464744.8,5262396.0,2024-02-14,S213,Bog,120.0787,0.78623,31.0,S2
521,464744.8,5262396.0,2025-02-21,S213,Bog,120.0787,0.78623,37.0,S2
522,464744.8,5262396.0,2025-03-07,S213,Bog,120.0787,0.78623,28.0,S2
523,464744.8,5262396.0,2025-03-13,S213,Bog,120.0787,0.78623,25.0,S2
524,464744.8,5262396.0,2025-03-20,S213,Bog,120.0787,0.78623,11.0,S2
525,464744.8,5262396.0,2025-03-27,S213,Bog,120.0787,0.78623,13.0,S2
526,464744.8,5262396.0,2025-04-04,S213,Bog,120.0787,0.78623,12.0,S2
527,464744.8,5262396.0,2025-04-10,S213,Bog,120.0787,0.78623,5.0,S2
528,464744.8,5262448.0,2022-11-25,S214,Upland,9.296235,3.98498,0.0,S2
529,464744.8,5262448.0,2022-12-02,S214,Upland,9.296235,3.98498,13.0,S2
530,464744.8,5262448.0,2022-12-30,S214,Upland,9.296235,3.98498,32.0,S2
531,464744.8,5262448.0,2023-01-05,S214,Upland,9.296235,3.98498,34.5,S2
532,464744.8,5262448.0,2023-01-13,S214,Upland,9.296235,3.98498,31.0,S2
533,464744.8,5262448.0,2023-01-20,S214,Upland,9.296235,3.98498,36.0,S2
534,464744.8,5262448.0,2023-02-01,S214,Upland,9.296235,3.98498,37.0,S2
535,464744.8,5262448.0,2023-02-10,S214,Upland,9.296235,3.98498,38.0,S2
536,464744.8,5262448.0,2023-02-17,S214,Upland,9.296235,3.98498,36.0,S2
537,464744.8,5262448.0,2023-02-24,S214,Upland,9.296235,3.98498,30.0,S2
538,464744.8,5262448.0,2023-03-09,S214,Upland,9.296235,3.98498,45.5,S2
539,464744.8,5262448.0,2023-03-17,S214,Upland,9.296235,3.98498,58.0,S2
540,464744.8,5262448.0,2023-03-24,S214,Upland,9.296235,3.98498,60.0,S2
541,464744.8,5262448.0,2023-03-31,S214,Upland,9.296235,3.98498,53.0,S2
542,464744.8,5262448.0,2023-04-14,S214,Upland,9.296235,3.98498,2.0,S2
543,464744.8,5262448.0,2023-04-28,S214,Upland,9.296235,3.98498,0.0,S2
544,464744.8,5262448.0,2023-05-05,S214,Upland,9.296235,3.98498,0.0,S2
545,464744.8,5262448.0,2023-12-01,S214,Upland,9.296235,3.98498,0.0,S2
546,464744.8,5262448.0,2024-01-22,S214,Upland,9.296235,3.98498,11.0,S2
547,464744.8,5262448.0,2024-01-31,S214,Upland,9.296235,3.98498,8.0,S2
548,464744.8,5262448.0,2024-02-01,S214,Upland,9.296235,3.98498,0.5,S2
549,464744.8,5262448.0,2024-02-09,S214,Upland,9.296235,3.98498,0.5,S2
550,464744.8,5262448.0,2024-02-15,S214,Upland,9.296235,3.98498,1.0,S2
551,464744.8,5262448.0,2024-02-21,S214,Upland,9.296235,3.98498,0.0,S2
552,464744.8,5262448.0,2024-03-01,S214,Upland,9.296235,3.98498,0.5,S2
553,464744.8,5262448.0,2024-03-06,S214,Upland,9.296235,3.98498,0.0,S2
554,464744.8,5262448.0,2024-03-13,S214,Upland,9.296235,3.98498,0.0,S2
555,464744.8,5262448.0,2024-03-21,S214,Upland,9.296235,3.98498,0.0,S2
556,464744.8,5262448.0,2024-03-29,S214,Upland,9.296235,3.98498,18.0,S2
557,464744.8,5262448.0,2024-04-03,S214,Upland,9.296235,3.98498,7.0,S2
558,464744.8,5262448.0,2024-04-11,S214,Upland,9.296235,3.98498,0.0,S2
559,464744.8,5262448.0,2024-04-19,S214,Upland,9.296235,3.98498,0.0,S2
560,464744.8,5262448.0,2024-12-04,S214,Upland,9.296235,3.98498,10.0,S2
561,464744.8,5262448.0,2024-12-20,S214,Upland,9.296235,3.98498,16.0,S2
562,464744.8,5262448.0,2025-01-06,S214,Upland,9.296235,3.98498,10.0,S2
563,464744.8,5262448.0,2025-01-10,S214,Upland,9.296235,3.98498,13.0,S2
564,464744.8,5262448.0,2025-01-17,S214,Upland,9.296235,3.98498,17.0,S2
565,464744.8,5262448.0,2025-01-24,S214,Upland,9.296235,3.98498,20.0,S2
566,464744.8,5262448.0,2025-01-30,S214,Upland,9.296235,3.98498,22.0,S2
567,464744.8,5262448.0,2025-02-07,S214,Upland,9.296235,3.98498,33.0,S2
568,464744.8,5262448.0,2024-02-14,S214,Upland,9.296235,3.98498,32.0,S2
569,464744.8,5262448.0,2025-02-21,S214,Upland,9.296235,3.98498,32.0,S2
570,464744.8,5262448.0,2025-03-07,S214,Upland,9.296235,3.98498,16.0,S2
571,464744.8,5262448.0,2025-03-13,S214,Upland,9.296235,3.98498,8.0,S2
572,464744.8,5262448.0,2025-03-20,S214,Upland,9.296235,3.98498,0.5,S2
573,464744.8,5262448.0,2025-03-27,S214,Upland,9.296235,3.98498,0.0,S2
574,464744.8,5262448.0,2025-04-04,S214,Upland,9.296235,3.98498,9.0,S2
575,464744.8,5262448.0,2025-04-10,S214,Upland,9.296235,3.98498,0.0,S2
576,464744.8,5262500.0,2022-11-25,S215,Upland,201.5048,1.26977,0.0,S2
577,464744.8,5262500.0,2022-12-02,S215,Upland,201.5048,1.26977,11.0,S2
578,464744.8,5262500.0,2022-12-30,S215,Upland,201.5048,1.26977,44.0,S2
579,464744.8,5262500.0,2023-01-05,S215,Upland,201.5048,1.26977,41.5,S2
580,464744.8,5262500.0,2023-01-13,S215,Upland,201.5048,1.26977,35.0,S2
581,464744.8,5262500.0,2023-01-20,S215,Upland,201.5048,1.26977,43.5,S2
582,464744.8,5262500.0,2023-02-01,S215,Upland,201.5048,1.26977,35.75,S2
583,464744.8,5262500.0,2023-02-10,S215,Upland,201.5048,1.26977,48.0,S2
584,464744.8,5262500.0,2023-02-17,S215,Upland,201.5048,1.26977,38.0,S2
585,464744.8,5262500.0,2023-02-24,S215,Upland,201.5048,1.26977,52.0,S2
586,464744.8,5262500.0,2023-03-09,S215,Upland,201.5048,1.26977,22.0,S2
587,464744.8,5262500.0,2023-03-17,S215,Upland,201.5048,1.26977,76.0,S2
588,464744.8,5262500.0,2023-03-24,S215,Upland,201.5048,1.26977,73.0,S2
589,464744.8,5262500.0,2023-03-31,S215,Upland,201.5048,1.26977,59.0,S2
590,464744.8,5262500.0,2023-04-14,S215,Upland,201.5048,1.26977,10.0,S2
591,464744.8,5262500.0,2023-04-28,S215,Upland,201.5048,1.26977,0.0,S2
592,464744.8,5262500.0,2023-05-05,S215,Upland,201.5048,1.26977,0.0,S2
593,464744.8,5262500.0,2023-12-01,S215,Upland,201.5048,1.26977,0.0,S2
594,464744.8,5262500.0,2024-01-22,S215,Upland,201.5048,1.26977,11.0,S2
595,464744.8,5262500.0,2024-01-31,S215,Upland,201.5048,1.26977,6.0,S2
596,464744.8,5262500.0,2024-02-01,S215,Upland,201.5048,1.26977,0.5,S2
597,464744.8,5262500.0,2024-02-09,S215,Upland,201.5048,1.26977,0.5,S2
598,464744.8,5262500.0,2024-02-15,S215,Upland,201.5048,1.26977,0.5,S2
599,464744.8,5262500.0,2024-02-21,S215,Upland,201.5048,1.26977,0.0,S2
600,464744.8,5262500.0,2024-03-01,S215,Upland,201.5048,1.26977,0.5,S2
601,464744.8,5262500.0,2024-03-06,S215,Upland,201.5048,1.26977,0.0,S2
602,464744.8,5262500.0,2024-03-13,S215,Upland,201.5048,1.26977,0.0,S2
603,464744.8,5262500.0,2024-03-21,S215,Upland,201.5048,1.26977,0.0,S2
604,464744.8,5262500.0,2024-03-29,S215,Upland,201.5048,1.26977,21.0,S2
605,464744.8,5262500.0,2024-04-03,S215,Upland,201.5048,1.26977,11.0,S2
606,464744.8,5262500.0,2024-04-11,S215,Upland,201.5048,1.26977,0.0,S2
607,464744.8,5262500.0,2024-04-19,S215,Upland,201.5048,1.26977,0.0,S2
608,464744.8,5262500.0,2024-12-04,S215,Upland,201.5048,1.26977,11.0,S2
609,464744.8,5262500.0,2024-12-20,S215,Upland,201.5048,1.26977,24.0,S2
610,464744.8,5262500.0,2025-01-06,S215,Upland,201.5048,1.26977,15.0,S2
611,464744.8,5262500.0,2025-01-10,S215,Upland,201.5048,1.26977,16.0,S2
612,464744.8,5262500.0,2025-01-17,S215,Upland,201.5048,1.26977,24.0,S2
613,464744.8,5262500.0,2025-01-24,S215,Upland,201.5048,1.26977,28.0,S2
614,464744.8,5262500.0,2025-01-30,S215,Upland,201.5048,1.26977,25.0,S2
615,464744.8,5262500.0,2025-02-07,S215,Upland,201.5048,1.26977,40.0,S2
616,464744.8,5262500.0,2024-02-14,S215,Upland,201.5048,1.26977,37.0,S2
617,464744.8,5262500.0,2025-02-21,S215,Upland,201.5048,1.26977,37.0,S2
618,464744.8,5262500.0,2025-03-07,S215,Upland,201.5048,1.26977,22.0,S2
619,464744.8,5262500.0,2025-03-13,S215,Upland,201.5048,1.26977,10.0,S2
620,464744.8,5262500.0,2025-03-20,S215,Upland,201.5048,1.26977,0.5,S2
621,464744.8,5262500.0,2025-03-27,S215,Upland,201.5048,1.26977,0.0,S2
622,464744.8,5262500.0,2025-04-04,S215,Upland,201.5048,1.26977,10.0,S2
623,464744.8,5262500.0,2025-04-10,S215,Upland,201.5048,1.26977,0.0,S2
672,464670.6,5262240.0,2022-11-25,S220,Upland,252.4753,2.85169,0.0,S2
673,464670.6,5262240.0,2022-12-02,S220,Upland,252.4753,2.85169,14.5,S2
674,464670.6,5262240.0,2022-12-30,S220,Upland,252.4753,2.85169,47.0,S2
675,464670.6,5262240.0,2023-01-05,S220,Upland,252.4753,2.85169,33.5,S2
676,464670.6,5262240.0,2023-01-13,S220,Upland,252.4753,2.85169,29.0,S2
677,464670.6,5262240.0,2023-01-20,S220,Upland,252.4753,2.85169,40.5,S2
678,464670.6,5262240.0,2023-02-01,S220,Upland,252.4753,2.85169,40.75,S2
679,464670.6,5262240.0,2023-02-10,S220,Upland,252.4753,2.85169,41.0,S2
680,464670.6,5262240.0,2023-02-17,S220,Upland,252.4753,2.85169,44.0,S2
681,464670.6,5262240.0,2023-02-24,S220,Upland,252.4753,2.85169,52.0,S2
682,464670.6,5262240.0,2023-03-09,S220,Upland,252.4753,2.85169,53.0,S2
683,464670.6,5262240.0,2023-03-17,S220,Upland,252.4753,2.85169,64.0,S2
684,464670.6,5262240.0,2023-03-24,S220,Upland,252.4753,2.85169,68.0,S2
685,464670.6,5262240.0,2023-03-31,S220,Upland,252.4753,2.85169,44.0,S2
686,464670.6,5262240.0,2023-04-14,S220,Upland,252.4753,2.85169,0.0,S2
687,464670.6,5262240.0,2023-04-28,S220,Upland,252.4753,2.85169,0.0,S2
688,464670.6,5262240.0,2023-05-05,S220,Upland,252.4753,2.85169,0.0,S2
689,464670.6,5262240.0,2023-12-01,S220,Upland,252.4753,2.85169,0.0,S2
690,464670.6,5262240.0,2024-01-22,S220,Upland,252.4753,2.85169,11.0,S2
691,464670.6,5262240.0,2024-01-31,S220,Upland,252.4753,2.85169,7.0,S2
692,464670.6,5262240.0,2024-02-01,S220,Upland,252.4753,2.85169,0.5,S2
693,464670.6,5262240.0,2024-02-09,S220,Upland,252.4753,2.85169,0.5,S2
694,464670.6,5262240.0,2024-02-15,S220,Upland,252.4753,2.85169,1.0,S2
695,464670.6,5262240.0,2024-02-21,S220,Upland,252.4753,2.85169,0.0,S2
696,464670.6,5262240.0,2024-03-01,S220,Upland,252.4753,2.85169,0.5,S2
697,464670.6,5262240.0,2024-03-06,S220,Upland,252.4753,2.85169,0.0,S2
698,464670.6,5262240.0,2024-03-13,S220,Upland,252.4753,2.85169,0.0,S2
699,464670.6,5262240.0,2024-03-21,S220,Upland,252.4753,2.85169,0.0,S2
700,464670.6,5262240.0,2024-03-29,S220,Upland,252.4753,2.85169,18.0,S2
701,464670.6,5262240.0,2024-04-03,S220,Upland,252.4753,2.85169,7.0,S2
702,464670.6,5262240.0,2024-04-11,S220,Upland,252.4753,2.85169,0.0,S2
703,464670.6,5262240.0,2024-04-19,S220,Upland,252.4753,2.85169,0.0,S2
704,464670.6,5262240.0,2024-12-04,S220,Upland,252.4753,2.85169,11.0,S2
705,464670.6,5262240.0,2024-12-20,S220,Upland,252.4753,2.85169,16.0,S2
706,464670.6,5262240.0,2025-01-06,S220,Upland,252.4753,2.85169,15.0,S2
707,464670.6,5262240.0,2025-01-10,S220,Upland,252.4753,2.85169,14.0,S2
708,464670.6,5262240.0,2025-01-17,S220,Upland,252.4753,2.85169,17.0,S2
709,464670.6,5262240.0,2025-01-24,S220,Upland,252.4753,2.85169,24.0,S2
710,464670.6,5262240.0,2025-01-30,S220,Upland,252.4753,2.85169,19.0,S2
711,464670.6,5262240.0,2025-02-07,S220,Upland,252.4753,2.85169,35.0,S2
712,464670.6,5262240.0,2024-02-14,S220,Upland,252.4753,2.85169,33.0,S2
713,464670.6,5262240.0,2025-02-21,S220,Upland,252.4753,2.85169,34.0,S2
714,464670.6,5262240.0,2025-03-07,S220,Upland,252.4753,2.85169,19.0,S2
715,464670.6,5262240.0,2025-03-13,S220,Upland,252.4753,2.85169,9.0,S2
716,464670.6,5262240.0,2025-03-20,S220,Upland,252.4753,2.85169,4.0,S2
717,464670.6,5262240.0,2025-03-27,S220,Upland,252.4753,2.85169,0.0,S2
718,464670.6,5262240.0,2025-04-04,S220,Upland,252.4753,2.85169,0.0,S2
719,464670.6,5262240.0,2025-04-10,S220,Upland,252.4753,2.85169,0.0,S2
720,464670.6,5262292.0,2022-11-25,S221,Bog,200.2377,0.72501,0.0,S2
721,464670.6,5262292.0,2022-12-02,S221,Bog,200.2377,0.72501,5.0,S2
722,464670.6,5262292.0,2022-12-30,S221,Bog,200.2377,0.72501,16.0,S2
723,464670.6,5262292.0,2023-01-05,S221,Bog,200.2377,0.72501,27.0,S2
724,464670.6,5262292.0,2023-01-13,S221,Bog,200.2377,0.72501,26.0,S2
725,464670.6,5262292.0,2023-01-20,S221,Bog,200.2377,0.72501,28.5,S2
726,464670.6,5262292.0,2023-02-01,S221,Bog,200.2377,0.72501,29.75,S2
727,464670.6,5262292.0,2023-02-10,S221,Bog,200.2377,0.72501,31.0,S2
728,464670.6,5262292.0,2023-02-17,S221,Bog,200.2377,0.72501,34.5,S2
729,464670.6,5262292.0,2023-02-24,S221,Bog,200.2377,0.72501,38.0,S2
730,464670.6,5262292.0,2023-03-09,S221,Bog,200.2377,0.72501,27.0,S2
731,464670.6,5262292.0,2023-03-17,S221,Bog,200.2377,0.72501,49.0,S2
732,464670.6,5262292.0,2023-03-24,S221,Bog,200.2377,0.72501,56.0,S2
733,464670.6,5262292.0,2023-03-31,S221,Bog,200.2377,0.72501,50.0,S2
734,464670.6,5262292.0,2023-04-14,S221,Bog,200.2377,0.72501,17.0,S2
735,464670.6,5262292.0,2023-04-28,S221,Bog,200.2377,0.72501,0.0,S2
736,464670.6,5262292.0,2023-05-05,S221,Bog,200.2377,0.72501,0.0,S2
737,464670.6,5262292.0,2023-12-01,S221,Bog,200.2377,0.72501,0.0,S2
738,464670.6,5262292.0,2024-01-22,S221,Bog,200.2377,0.72501,8.0,S2
739,464670.6,5262292.0,2024-01-31,S221,Bog,200.2377,0.72501,5.0,S2
740,464670.6,5262292.0,2024-02-01,S221,Bog,200.2377,0.72501,0.5,S2
741,464670.6,5262292.0,2024-02-09,S221,Bog,200.2377,0.72501,0.5,S2
742,464670.6,5262292.0,2024-02-15,S221,Bog,200.2377,0.72501,1.0,S2
743,464670.6,5262292.0,2024-02-21,S221,Bog,200.2377,0.72501,0.0,S2
744,464670.6,5262292.0,2024-03-01,S221,Bog,200.2377,0.72501,0.5,S2
745,464670.6,5262292.0,2024-03-06,S221,Bog,200.2377,0.72501,0.0,S2
746,464670.6,5262292.0,2024-03-13,S221,Bog,200.2377,0.72501,0.0,S2
747,464670.6,5262292.0,2024-03-21,S221,Bog,200.2377,0.72501,0.0,S2
748,464670.6,5262292.0,2024-03-29,S221,Bog,200.2377,0.72501,18.0,S2
749,464670.6,5262292.0,2024-04-03,S221,Bog,200.2377,0.72501,9.0,S2
750,464670.6,5262292.0,2024-04-11,S221,Bog,200.2377,0.72501,0.0,S2
751,464670.6,5262292.0,2024-04-19,S221,Bog,200.2377,0.72501,0.0,S2
752,464670.6,5262292.0,2024-12-04,S221,Bog,200.2377,0.72501,8.0,S2
753,464670.6,5262292.0,2024-12-20,S221,Bog,200.2377,0.72501,13.0,S2
754,464670.6,5262292.0,2025-01-06,S221,Bog,200.2377,0.72501,10.0,S2
755,464670.6,5262292.0,2025-01-10,S221,Bog,200.2377,0.72501,7.0,S2
756,464670.6,5262292.0,2025-01-17,S221,Bog,200.2377,0.72501,10.0,S2
757,464670.6,5262292.0,2025-01-24,S221,Bog,200.2377,0.72501,18.0,S2
758,464670.6,5262292.0,2025-01-30,S221,Bog,200.2377,0.72501,14.0,S2
759,464670.6,5262292.0,2025-02-07,S221,Bog,200.2377,0.72501,28.0,S2
760,464670.6,5262292.0,2024-02-14,S221,Bog,200.2377,0.72501,21.0,S2
761,464670.6,5262292.0,2025-02-21,S221,Bog,200.2377,0.72501,27.0,S2
762,464670.6,5262292.0,2025-03-07,S221,Bog,200.2377,0.72501,15.0,S2
763,464670.6,5262292.0,2025-03-13,S221,Bog,200.2377,0.72501,2.0,S2
764,464670.6,5262292.0,2025-03-20,S221,Bog,200.2377,0.72501,0.0,S2
765,464670.6,5262292.0,2025-03-27,S221,Bog,200.2377,0.72501,0.0,S2
766,464670.6,5262292.0,2025-04-04,S221,Bog,200.2377,0.72501,8.0,S2
767,464670.6,5262292.0,2025-04-10,S221,Bog,200.2377,0.72501,4.0,S2
768,464670.6,5262344.0,2022-11-25,S222,Bog,279.4718,0.43563,0.0,S2
769,464670.6,5262344.0,2022-12-02,S222,Bog,279.4718,0.43563,14.0,S2
770,464670.6,5262344.0,2022-12-30,S222,Bog,279.4718,0.43563,29.0,S2
771,464670.6,5262344.0,2023-01-05,S222,Bog,279.4718,0.43563,41.0,S2
772,464670.6,5262344.0,2023-01-13,S222,Bog,279.4718,0.43563,38.5,S2
773,464670.6,5262344.0,2023-01-20,S222,Bog,279.4718,0.43563,41.5,S2
774,464670.6,5262344.0,2023-02-01,S222,Bog,279.4718,0.43563,42.25,S2
775,464670.6,5262344.0,2023-02-10,S222,Bog,279.4718,0.43563,43.0,S2
776,464670.6,5262344.0,2023-02-17,S222,Bog,279.4718,0.43563,30.0,S2
777,464670.6,5262344.0,2023-02-24,S222,Bog,279.4718,0.43563,49.0,S2
778,464670.6,5262344.0,2023-03-09,S222,Bog,279.4718,0.43563,46.0,S2
779,464670.6,5262344.0,2023-03-17,S222,Bog,279.4718,0.43563,60.0,S2
780,464670.6,5262344.0,2023-03-24,S222,Bog,279.4718,0.43563,63.0,S2
781,464670.6,5262344.0,2023-03-31,S222,Bog,279.4718,0.43563,57.0,S2
782,464670.6,5262344.0,2023-04-14,S222,Bog,279.4718,0.43563,26.0,S2
783,464670.6,5262344.0,2023-04-28,S222,Bog,279.4718,0.43563,11.0,S2
784,464670.6,5262344.0,2023-05-05,S222,Bog,279.4718,0.43563,0.0,S2
785,464670.6,5262344.0,2023-12-01,S222,Bog,279.4718,0.43563,0.0,S2
786,464670.6,5262344.0,2024-01-22,S222,Bog,279.4718,0.43563,9.0,S2
787,464670.6,5262344.0,2024-01-31,S222,Bog,279.4718,0.43563,10.0,S2
788,464670.6,5262344.0,2024-02-01,S222,Bog,279.4718,0.43563,2.0,S2
789,464670.6,5262344.0,2024-02-09,S222,Bog,279.4718,0.43563,2.0,S2
790,464670.6,5262344.0,2024-02-15,S222,Bog,279.4718,0.43563,3.0,S2
791,464670.6,5262344.0,2024-02-21,S222,Bog,279.4718,0.43563,2.0,S2
792,464670.6,5262344.0,2024-03-01,S222,Bog,279.4718,0.43563,1.0,S2
793,464670.6,5262344.0,2024-03-06,S222,Bog,279.4718,0.43563,0.0,S2
794,464670.6,5262344.0,2024-03-13,S222,Bog,279.4718,0.43563,0.0,S2
795,464670.6,5262344.0,2024-03-21,S222,Bog,279.4718,0.43563,0.0,S2
796,464670.6,5262344.0,2024-03-29,S222,Bog,279.4718,0.43563,20.0,S2
797,464670.6,5262344.0,2024-04-03,S222,Bog,279.4718,0.43563,12.0,S2
798,464670.6,5262344.0,2024-04-11,S222,Bog,279.4718,0.43563,0.0,S2
799,464670.6,5262344.0,2024-04-19,S222,Bog,279.4718,0.43563,0.0,S2
800,464670.6,5262344.0,2024-12-04,S222,Bog,279.4718,0.43563,11.0,S2
801,464670.6,5262344.0,2024-12-20,S222,Bog,279.4718,0.43563,20.0,S2
802,464670.6,5262344.0,2025-01-06,S222,Bog,279.4718,0.43563,17.0,S2
803,464670.6,5262344.0,2025-01-10,S222,Bog,279.4718,0.43563,18.0,S2
804,464670.6,5262344.0,2025-01-17,S222,Bog,279.4718,0.43563,27.0,S2
805,464670.6,5262344.0,2025-01-24,S222,Bog,279.4718,0.43563,26.0,S2
806,464670.6,5262344.0,2025-01-30,S222,Bog,279.4718,0.43563,27.0,S2
807,464670.6,5262344.0,2025-02-07,S222,Bog,279.4718,0.43563,33.0,S2
808,464670.6,5262344.0,2024-02-14,S222,Bog,279.4718,0.43563,37.0,S2
809,464670.6,5262344.0,2025-02-21,S222,Bog,279.4718,0.43563,36.0,S2
810,464670.6,5262344.0,2025-03-07,S222,Bog,279.4718,0.43563,17.0,S2
811,464670.6,5262344.0,2025-03-13,S222,Bog,279.4718,0.43563,21.0,S2
812,464670.6,5262344.0,2025-03-20,S222,Bog,279.4718,0.43563,6.0,S2
813,464670.6,5262344.0,2025-03-27,S222,Bog,279.4718,0.43563,5.0,S2
814,464670.6,5262344.0,2025-04-04,S222,Bog,279.4718,0.43563,10.0,S2
815,464670.6,5262344.0,2025-04-10,S222,Bog,279.4718,0.43563,6.0,S2
816,464670.6,5262396.0,2022-11-25,S223,Bog,174.7998,0.39548,0.0,S2
817,464670.6,5262396.0,2022-12-02,S223,Bog,174.7998,0.39548,14.5,S2
818,464670.6,5262396.0,2022-12-30,S223,Bog,174.7998,0.39548,34.0,S2
819,464670.6,5262396.0,2023-01-05,S223,Bog,174.7998,0.39548,42.0,S2
820,464670.6,5262396.0,2023-01-13,S223,Bog,174.7998,0.39548,33.0,S2
821,464670.6,5262396.0,2023-01-20,S223,Bog,174.7998,0.39548,44.5,S2
822,464670.6,5262396.0,2023-02-01,S223,Bog,174.7998,0.39548,45.25,S2
823,464670.6,5262396.0,2023-02-10,S223,Bog,174.7998,0.39548,46.0,S2
824,464670.6,5262396.0,2023-02-17,S223,Bog,174.7998,0.39548,37.0,S2
825,464670.6,5262396.0,2023-02-24,S223,Bog,174.7998,0.39548,52.0,S2
826,464670.6,5262396.0,2023-03-09,S223,Bog,174.7998,0.39548,46.0,S2
827,464670.6,5262396.0,2023-03-17,S223,Bog,174.7998,0.39548,59.0,S2
828,464670.6,5262396.0,2023-03-24,S223,Bog,174.7998,0.39548,69.0,S2
829,464670.6,5262396.0,2023-03-31,S223,Bog,174.7998,0.39548,64.0,S2
830,464670.6,5262396.0,2023-04-14,S223,Bog,174.7998,0.39548,25.0,S2
831,464670.6,5262396.0,2023-04-28,S223,Bog,174.7998,0.39548,0.0,S2
832,464670.6,5262396.0,2023-05-05,S223,Bog,174.7998,0.39548,0.0,S2
833,464670.6,5262396.0,2023-12-01,S223,Bog,174.7998,0.39548,0.0,S2
834,464670.6,5262396.0,2024-01-22,S223,Bog,174.7998,0.39548,14.0,S2
835,464670.6,5262396.0,2024-01-31,S223,Bog,174.7998,0.39548,6.0,S2
836,464670.6,5262396.0,2024-02-01,S223,Bog,174.7998,0.39548,3.0,S2
837,464670.6,5262396.0,2024-02-09,S223,Bog,174.7998,0.39548,3.0,S2
838,464670.6,5262396.0,2024-02-15,S223,Bog,174.7998,0.39548,1.0,S2
839,464670.6,5262396.0,2024-02-21,S223,Bog,174.7998,0.39548,3.0,S2
840,464670.6,5262396.0,2024-03-01,S223,Bog,174.7998,0.39548,0.5,S2
841,464670.6,5262396.0,2024-03-06,S223,Bog,174.7998,0.39548,0.0,S2
842,464670.6,5262396.0,2024-03-13,S223,Bog,174.7998,0.39548,0.0,S2
843,464670.6,5262396.0,2024-03-21,S223,Bog,174.7998,0.39548,0.0,S2
844,464670.6,5262396.0,2024-03-29,S223,Bog,174.7998,0.39548,25.0,S2
845,464670.6,5262396.0,2024-04-03,S223,Bog,174.7998,0.39548,10.0,S2
846,464670.6,5262396.0,2024-04-11,S223,Bog,174.7998,0.39548,0.0,S2
847,464670.6,5262396.0,2024-04-19,S223,Bog,174.7998,0.39548,0.0,S2
848,464670.6,5262396.0,2024-12-04,S223,Bog,174.7998,0.39548,8.0,S2
849,464670.6,5262396.0,2024-12-20,S223,Bog,174.7998,0.39548,22.0,S2
850,464670.6,5262396.0,2025-01-06,S223,Bog,174.7998,0.39548,16.0,S2
851,464670.6,5262396.0,2025-01-10,S223,Bog,174.7998,0.39548,21.0,S2
852,464670.6,5262396.0,2025-01-17,S223,Bog,174.7998,0.39548,26.0,S2
853,464670.6,5262396.0,2025-01-24,S223,Bog,174.7998,0.39548,24.0,S2
854,464670.6,5262396.0,2025-01-30,S223,Bog,174.7998,0.39548,28.0,S2
855,464670.6,5262396.0,2025-02-07,S223,Bog,174.7998,0.39548,39.0,S2
856,464670.6,5262396.0,2024-02-14,S223,Bog,174.7998,0.39548,43.0,S2
857,464670.6,5262396.0,2025-02-21,S223,Bog,174.7998,0.39548,42.0,S2
858,464670.6,5262396.0,2025-03-07,S223,Bog,174.7998,0.39548,26.0,S2
859,464670.6,5262396.0,2025-03-13,S223,Bog,174.7998,0.39548,17.0,S2
860,464670.6,5262396.0,2025-03-20,S223,Bog,174.7998,0.39548,7.0,S2
861,464670.6,5262396.0,2025-03-27,S223,Bog,174.7998,0.39548,10.0,S2
862,464670.6,5262396.0,2025-04-04,S223,Bog,174.7998,0.39548,10.0,S2
863,464670.6,5262396.0,2025-04-10,S223,Bog,174.7998,0.39548,10.0,S2
864,464670.6,5262448.0,2022-11-25,S224,Lagg,187.7631,3.17706,0.0,S2
865,464670.6,5262448.0,2022-12-02,S224,Lagg,187.7631,3.17706,5.0,S2
866,464670.6,5262448.0,2022-12-30,S224,Lagg,187.7631,3.17706,31.0,S2
867,464670.6,5262448.0,2023-01-05,S224,Lagg,187.7631,3.17706,36.0,S2
868,464670.6,5262448.0,2023-01-13,S224,Lagg,187.7631,3.17706,33.0,S2
869,464670.6,5262448.0,2023-01-20,S224,Lagg,187.7631,3.17706,46.0,S2
870,464670.6,5262448.0,2023-02-01,S224,Lagg,187.7631,3.17706,42.5,S2
871,464670.6,5262448.0,2023-02-10,S224,Lagg,187.7631,3.17706,39.0,S2
872,464670.6,5262448.0,2023-02-17,S224,Lagg,187.7631,3.17706,39.0,S2
873,464670.6,5262448.0,2023-02-24,S224,Lagg,187.7631,3.17706,46.0,S2
874,464670.6,5262448.0,2023-03-09,S224,Lagg,187.7631,3.17706,45.0,S2
875,464670.6,5262448.0,2023-03-17,S224,Lagg,187.7631,3.17706,62.0,S2
876,464670.6,5262448.0,2023-03-24,S224,Lagg,187.7631,3.17706,60.0,S2
877,464670.6,5262448.0,2023-03-31,S224,Lagg,187.7631,3.17706,64.0,S2
878,464670.6,5262448.0,2023-04-14,S224,Lagg,187.7631,3.17706,35.0,S2
879,464670.6,5262448.0,2023-04-28,S224,Lagg,187.7631,3.17706,21.0,S2
880,464670.6,5262448.0,2023-05-05,S224,Lagg,187.7631,3.17706,0.0,S2
881,464670.6,5262448.0,2023-12-01,S224,Lagg,187.7631,3.17706,0.0,S2
882,464670.6,5262448.0,2024-01-22,S224,Lagg,187.7631,3.17706,12.0,S2
883,464670.6,5262448.0,2024-01-31,S224,Lagg,187.7631,3.17706,7.0,S2
884,464670.6,5262448.0,2024-02-01,S224,Lagg,187.7631,3.17706,0.5,S2
885,464670.6,5262448.0,2024-02-09,S224,Lagg,187.7631,3.17706,0.5,S2
886,464670.6,5262448.0,2024-02-15,S224,Lagg,187.7631,3.17706,2.0,S2
887,464670.6,5262448.0,2024-02-21,S224,Lagg,187.7631,3.17706,1.0,S2
888,464670.6,5262448.0,2024-03-01,S224,Lagg,187.7631,3.17706,0.5,S2
889,464670.6,5262448.0,2024-03-06,S224,Lagg,187.7631,3.17706,0.0,S2
890,464670.6,5262448.0,2024-03-13,S224,Lagg,187.7631,3.17706,0.0,S2
891,464670.6,5262448.0,2024-03-21,S224,Lagg,187.7631,3.17706,0.0,S2
892,464670.6,5262448.0,2024-03-29,S224,Lagg,187.7631,3.17706,20.0,S2
893,464670.6,5262448.0,2024-04-03,S224,Lagg,187.7631,3.17706,13.0,S2
894,464670.6,5262448.0,2024-04-11,S224,Lagg,187.7631,3.17706,0.0,S2
895,464670.6,5262448.0,2024-04-19,S224,Lagg,187.7631,3.17706,0.0,S2
896,464670.6,5262448.0,2024-12-04,S224,Lagg,187.7631,3.17706,10.0,S2
897,464670.6,5262448.0,2024-12-20,S224,Lagg,187.7631,3.17706,16.0,S2
898,464670.6,5262448.0,2025-01-06,S224,Lagg,187.7631,3.17706,13.0,S2
899,464670.6,5262448.0,2025-01-10,S224,Lagg,187.7631,3.17706,14.0,S2
900,464670.6,5262448.0,2025-01-17,S224,Lagg,187.7631,3.17706,20.0,S2
901,464670.6,5262448.0,2025-01-24,S224,Lagg,187.7631,3.17706,23.0,S2
902,464670.6,5262448.0,2025-01-30,S224,Lagg,187.7631,3.17706,17.0,S2
903,464670.6,5262448.0,2025-02-07,S224,Lagg,187.7631,3.17706,32.0,S2
904,464670.6,5262448.0,2024-02-14,S224,Lagg,187.7631,3.17706,32.0,S2
905,464670.6,5262448.0,2025-02-21,S224,Lagg,187.7631,3.17706,35.0,S2
906,464670.6,5262448.0,2025-03-07,S224,Lagg,187.7631,3.17706,13.0,S2
907,464670.6,5262448.0,2025-03-13,S224,Lagg,187.7631,3.17706,13.0,S2
908,464670.6,5262448.0,2025-03-20,S224,Lagg,187.7631,3.17706,8.0,S2
909,464670.6,5262448.0,2025-03-27,S224,Lagg,187.7631,3.17706,9.0,S2
910,464670.6,5262448.0,2025-04-04,S224,Lagg,187.7631,3.17706,8.0,S2
911,464670.6,5262448.0,2025-04-10,S224,Lagg,187.7631,3.17706,5.0,S2
912,464670.6,5262500.0,2022-11-25,S225,Lagg,58.388,1.09319,0.0,S2
913,464670.6,5262500.0,2022-12-02,S225,Lagg,58.388,1.09319,8.0,S2
914,464670.6,5262500.0,2022-12-30,S225,Lagg,58.388,1.09319,34.0,S2
915,464670.6,5262500.0,2023-01-05,S225,Lagg,58.388,1.09319,40.5,S2
916,464670.6,5262500.0,2023-01-13,S225,Lagg,58.388,1.09319,45.0,S2
917,464670.6,5262500.0,2023-01-20,S225,Lagg,58.388,1.09319,42.0,S2
918,464670.6,5262500.0,2023-02-01,S225,Lagg,58.388,1.09319,49.0,S2
919,464670.6,5262500.0,2023-02-10,S225,Lagg,58.388,1.09319,56.0,S2
920,464670.6,5262500.0,2023-02-17,S225,Lagg,58.388,1.09319,47.0,S2
921,464670.6,5262500.0,2023-02-24,S225,Lagg,58.388,1.09319,53.0,S2
922,464670.6,5262500.0,2023-03-09,S225,Lagg,58.388,1.09319,57.0,S2
923,464670.6,5262500.0,2023-03-17,S225,Lagg,58.388,1.09319,61.0,S2
924,464670.6,5262500.0,2023-03-24,S225,Lagg,58.388,1.09319,50.0,S2
925,464670.6,5262500.0,2023-03-31,S225,Lagg,58.388,1.09319,51.0,S2
926,464670.6,5262500.0,2023-04-14,S225,Lagg,58.388,1.09319,34.0,S2
927,464670.6,5262500.0,2023-04-28,S225,Lagg,58.388,1.09319,19.0,S2
928,464670.6,5262500.0,2023-05-05,S225,Lagg,58.388,1.09319,0.0,S2
929,464670.6,5262500.0,2023-12-01,S225,Lagg,58.388,1.09319,0.0,S2
930,464670.6,5262500.0,2024-01-22,S225,Lagg,58.388,1.09319,12.0,S2
931,464670.6,5262500.0,2024-01-31,S225,Lagg,58.388,1.09319,9.0,S2
932,464670.6,5262500.0,2024-02-01,S225,Lagg,58.388,1.09319,4.0,S2
933,464670.6,5262500.0,2024-02-09,S225,Lagg,58.388,1.09319,4.0,S2
934,464670.6,5262500.0,2024-02-15,S225,Lagg,58.388,1.09319,2.0,S2
935,464670.6,5262500.0,2024-02-21,S225,Lagg,58.388,1.09319,1.0,S2
936,464670.6,5262500.0,2024-03-01,S225,Lagg,58.388,1.09319,1.0,S2
937,464670.6,5262500.0,2024-03-06,S225,Lagg,58.388,1.09319,0.0,S2
938,464670.6,5262500.0,2024-03-13,S225,Lagg,58.388,1.09319,0.0,S2
939,464670.6,5262500.0,2024-03-21,S225,Lagg,58.388,1.09319,0.0,S2
940,464670.6,5262500.0,2024-03-29,S225,Lagg,58.388,1.09319,17.0,S2
941,464670.6,5262500.0,2024-04-03,S225,Lagg,58.388,1.09319,8.0,S2
942,464670.6,5262500.0,2024-04-11,S225,Lagg,58.388,1.09319,0.0,S2
943,464670.6,5262500.0,2024-04-19,S225,Lagg,58.388,1.09319,0.0,S2
944,464670.6,5262500.0,2024-12-04,S225,Lagg,58.388,1.09319,10.0,S2
945,464670.6,5262500.0,2024-12-20,S225,Lagg,58.388,1.09319,22.0,S2
946,464670.6,5262500.0,2025-01-06,S225,Lagg,58.388,1.09319,15.0,S2
947,464670.6,5262500.0,2025-01-10,S225,Lagg,58.388,1.09319,18.0,S2
948,464670.6,5262500.0,2025-01-17,S225,Lagg,58.388,1.09319,19.0,S2
949,464670.6,5262500.0,2025-01-24,S225,Lagg,58.388,1.09319,23.0,S2
950,464670.6,5262500.0,2025-01-30,S225,Lagg,58.388,1.09319,23.0,S2
951,464670.6,5262500.0,2025-02-07,S225,Lagg,58.388,1.09319,38.0,S2
952,464670.6,5262500.0,2024-02-14,S225,Lagg,58.388,1.09319,31.0,S2
953,464670.6,5262500.0,2025-02-21,S225,Lagg,58.388,1.09319,36.0,S2
954,464670.6,5262500.0,2025-03-07,S225,Lagg,58.388,1.09319,19.0,S2
955,464670.6,5262500.0,2025-03-13,S225,Lagg,58.388,1.09319,19.0,S2
956,464670.6,5262500.0,2025-03-20,S225,Lagg,58.388,1.09319,13.0,S2
957,464670.6,5262500.0,2025-03-27,S225,Lagg,58.388,1.09319,0.0,S2
958,464670.6,5262500.0,2025-04-04,S225,Lagg,58.388,1.09319,9.0,S2
959,464670.6,5262500.0,2025-04-10,S225,Lagg,58.388,1.09319,5.0,S2
960,464670.6,5262552.0,2022-11-25,S226,Upland,275.0663,2.38778,0.0,S2
961,464670.6,5262552.0,2022-12-02,S226,Upland,275.0663,2.38778,8.5,S2
962,464670.6,5262552.0,2022-12-30,S226,Upland,275.0663,2.38778,35.0,S2
963,464670.6,5262552.0,2023-01-05,S226,Upland,275.0663,2.38778,33.5,S2
964,464670.6,5262552.0,2023-01-13,S226,Upland,275.0663,2.38778,34.0,S2
965,464670.6,5262552.0,2023-01-20,S226,Upland,275.0663,2.38778,40.0,S2
966,464670.6,5262552.0,2023-02-01,S226,Upland,275.0663,2.38778,40.0,S2
967,464670.6,5262552.0,2023-02-10,S226,Upland,275.0663,2.38778,40.0,S2
968,464670.6,5262552.0,2023-02-17,S226,Upland,275.0663,2.38778,35.0,S2
969,464670.6,5262552.0,2023-02-24,S226,Upland,275.0663,2.38778,44.0,S2
970,464670.6,5262552.0,2023-03-09,S226,Upland,275.0663,2.38778,41.0,S2
971,464670.6,5262552.0,2023-03-17,S226,Upland,275.0663,2.38778,54.0,S2
972,464670.6,5262552.0,2023-03-24,S226,Upland,275.0663,2.38778,59.0,S2
973,464670.6,5262552.0,2023-03-31,S226,Upland,275.0663,2.38778,53.0,S2
974,464670.6,5262552.0,2023-04-14,S226,Upland,275.0663,2.38778,0.0,S2
975,464670.6,5262552.0,2023-04-28,S226,Upland,275.0663,2.38778,0.0,S2
976,464670.6,5262552.0,2023-05-05,S226,Upland,275.0663,2.38778,0.0,S2
977,464670.6,5262552.0,2023-12-01,S226,Upland,275.0663,2.38778,0.0,S2
978,464670.6,5262552.0,2024-01-22,S226,Upland,275.0663,2.38778,11.0,S2
979,464670.6,5262552.0,2024-01-31,S226,Upland,275.0663,2.38778,8.0,S2
980,464670.6,5262552.0,2024-02-01,S226,Upland,275.0663,2.38778,0.5,S2
981,464670.6,5262552.0,2024-02-09,S226,Upland,275.0663,2.38778,0.5,S2
982,464670.6,5262552.0,2024-02-15,S226,Upland,275.0663,2.38778,0.5,S2
983,464670.6,5262552.0,2024-02-21,S226,Upland,275.0663,2.38778,0.0,S2
984,464670.6,5262552.0,2024-03-01,S226,Upland,275.0663,2.38778,0.5,S2
985,464670.6,5262552.0,2024-03-06,S226,Upland,275.0663,2.38778,0.0,S2
986,464670.6,5262552.0,2024-03-13,S226,Upland,275.0663,2.38778,0.0,S2
987,464670.6,5262552.0,2024-03-21,S226,Upland,275.0663,2.38778,0.0,S2
988,464670.6,5262552.0,2024-03-29,S226,Upland,275.0663,2.38778,16.0,S2
989,464670.6,5262552.0,2024-04-03,S226,Upland,275.0663,2.38778,5.0,S2
990,464670.6,5262552.0,2024-04-11,S226,Upland,275.0663,2.38778,0.0,S2
991,464670.6,5262552.0,2024-04-19,S226,Upland,275.0663,2.38778,0.0,S2
992,464670.6,5262552.0,2024-12-04,S226,Upland,275.0663,2.38778,11.0,S2
993,464670.6,5262552.0,2024-12-20,S226,Upland,275.0663,2.38778,18.0,S2
994,464670.6,5262552.0,2025-01-06,S226,Upland,275.0663,2.38778,13.0,S2
995,464670.6,5262552.0,2025-01-10,S226,Upland,275.0663,2.38778,16.0,S2
996,464670.6,5262552.0,2025-01-17,S226,Upland,275.0663,2.38778,18.0,S2
997,464670.6,5262552.0,2025-01-24,S226,Upland,275.0663,2.38778,22.0,S2
998,464670.6,5262552.0,2025-01-30,S226,Upland,275.0663,2.38778,22.0,S2
999,464670.6,5262552.0,2025-02-07,S226,Upland,275.0663,2.38778,34.0,S2
1000,464670.6,5262552.0,2024-02-14,S226,Upland,275.0663,2.38778,30.0,S2
1001,464670.6,5262552.0,2025-02-21,S226,Upland,275.0663,2.38778,36.0,S2
1002,464670.6,5262552.0,2025-03-07,S226,Upland,275.0663,2.38778,18.0,S2
1003,464670.6,5262552.0,2025-03-13,S226,Upland,275.0663,2.38778,18.0,S2
1004,464670.6,5262552.0,2025-03-20,S226,Upland,275.0663,2.38778,0.0,S2
1005,464670.6,5262552.0,2025-03-27,S226,Upland,275.0663,2.38778,0.0,S2
1006,464670.6,5262552.0,2025-04-04,S226,Upland,275.0663,2.38778,8.0,S2
1007,464670.6,5262552.0,2025-04-10,S226,Upland,275.0663,2.38778,0.0,S2
1104,464596.4,5262344.0,2022-11-25,S232,Lagg,25.94226,14.422,0.0,S2
1105,464596.4,5262344.0,2022-12-02,S232,Lagg,25.94226,14.422,9.0,S2
1106,464596.4,5262344.0,2022-12-30,S232,Lagg,25.94226,14.422,26.0,S2
1107,464596.4,5262344.0,2023-01-05,S232,Lagg,25.94226,14.422,36.5,S2
1108,464596.4,5262344.0,2023-01-13,S232,Lagg,25.94226,14.422,32.0,S2
1109,464596.4,5262344.0,2023-01-20,S232,Lagg,25.94226,14.422,37.0,S2
1110,464596.4,5262344.0,2023-02-01,S232,Lagg,25.94226,14.422,39.0,S2
1111,464596.4,5262344.0,2023-02-10,S232,Lagg,25.94226,14.422,41.0,S2
1112,464596.4,5262344.0,2023-02-17,S232,Lagg,25.94226,14.422,39.0,S2
1113,464596.4,5262344.0,2023-02-24,S232,Lagg,25.94226,14.422,52.0,S2
1114,464596.4,5262344.0,2023-03-09,S232,Lagg,25.94226,14.422,51.5,S2
1115,464596.4,5262344.0,2023-03-17,S232,Lagg,25.94226,14.422,55.0,S2
1116,464596.4,5262344.0,2023-03-24,S232,Lagg,25.94226,14.422,66.0,S2
1117,464596.4,5262344.0,2023-03-31,S232,Lagg,25.94226,14.422,53.0,S2
1118,464596.4,5262344.0,2023-04-14,S232,Lagg,25.94226,14.422,22.0,S2
1119,464596.4,5262344.0,2023-04-28,S232,Lagg,25.94226,14.422,19.0,S2
1120,464596.4,5262344.0,2023-05-05,S232,Lagg,25.94226,14.422,0.0,S2
1121,464596.4,5262344.0,2023-12-01,S232,Lagg,25.94226,14.422,0.0,S2
1122,464596.4,5262344.0,2024-01-22,S232,Lagg,25.94226,14.422,11.0,S2
1123,464596.4,5262344.0,2024-01-31,S232,Lagg,25.94226,14.422,8.0,S2
1124,464596.4,5262344.0,2024-02-01,S232,Lagg,25.94226,14.422,1.0,S2
1125,464596.4,5262344.0,2024-02-09,S232,Lagg,25.94226,14.422,1.0,S2
1126,464596.4,5262344.0,2024-02-15,S232,Lagg,25.94226,14.422,2.0,S2
1127,464596.4,5262344.0,2024-02-21,S232,Lagg,25.94226,14.422,2.0,S2
1128,464596.4,5262344.0,2024-03-01,S232,Lagg,25.94226,14.422,0.5,S2
1129,464596.4,5262344.0,2024-03-06,S232,Lagg,25.94226,14.422,0.0,S2
1130,464596.4,5262344.0,2024-03-13,S232,Lagg,25.94226,14.422,0.0,S2
1131,464596.4,5262344.0,2024-03-21,S232,Lagg,25.94226,14.422,0.0,S2
1132,464596.4,5262344.0,2024-03-29,S232,Lagg,25.94226,14.422,20.0,S2
1133,464596.4,5262344.0,2024-04-03,S232,Lagg,25.94226,14.422,11.0,S2
1134,464596.4,5262344.0,2024-04-11,S232,Lagg,25.94226,14.422,0.0,S2
1135,464596.4,5262344.0,2024-04-19,S232,Lagg,25.94226,14.422,0.0,S2
1136,464596.4,5262344.0,2024-12-04,S232,Lagg,25.94226,14.422,9.0,S2
1137,464596.4,5262344.0,2024-12-20,S232,Lagg,25.94226,14.422,15.0,S2
1138,464596.4,5262344.0,2025-01-06,S232,Lagg,25.94226,14.422,12.0,S2
1139,464596.4,5262344.0,2025-01-10,S232,Lagg,25.94226,14.422,16.0,S2
1140,464596.4,5262344.0,2025-01-17,S232,Lagg,25.94226,14.422,17.0,S2
1141,464596.4,5262344.0,2025-01-24,S232,Lagg,25.94226,14.422,22.0,S2
1142,464596.4,5262344.0,2025-01-30,S232,Lagg,25.94226,14.422,21.0,S2
1143,464596.4,5262344.0,2025-02-07,S232,Lagg,25.94226,14.422,36.0,S2
1144,464596.4,5262344.0,2024-02-14,S232,Lagg,25.94226,14.422,34.0,S2
1145,464596.4,5262344.0,2025-02-21,S232,Lagg,25.94226,14.422,34.0,S2
1146,464596.4,5262344.0,2025-03-07,S232,Lagg,25.94226,14.422,21.0,S2
1147,464596.4,5262344.0,2025-03-13,S232,Lagg,25.94226,14.422,11.0,S2
1148,464596.4,5262344.0,2025-03-20,S232,Lagg,25.94226,14.422,7.0,S2
1149,464596.4,5262344.0,2025-03-27,S232,Lagg,25.94226,14.422,8.0,S2
1150,464596.4,5262344.0,2025-04-04,S232,Lagg,25.94226,14.422,7.0,S2
1151,464596.4,5262344.0,2025-04-10,S232,Lagg,25.94226,14.422,3.0,S2
1152,464596.4,5262396.0,2022-11-25,S233,Bog,113.9634,0.70519,0.0,S2
1153,464596.4,5262396.0,2022-12-02,S233,Bog,113.9634,0.70519,10.0,S2
1154,464596.4,5262396.0,2022-12-30,S233,Bog,113.9634,0.70519,32.0,S2
1155,464596.4,5262396.0,2023-01-05,S233,Bog,113.9634,0.70519,36.0,S2
1156,464596.4,5262396.0,2023-01-13,S233,Bog,113.9634,0.70519,28.0,S2
1157,464596.4,5262396.0,2023-01-20,S233,Bog,113.9634,0.70519,43.0,S2
1158,464596.4,5262396.0,2023-02-01,S233,Bog,113.9634,0.70519,44.0,S2
1159,464596.4,5262396.0,2023-02-10,S233,Bog,113.9634,0.70519,45.0,S2
1160,464596.4,5262396.0,2023-02-17,S233,Bog,113.9634,0.70519,41.0,S2
1161,464596.4,5262396.0,2023-02-24,S233,Bog,113.9634,0.70519,49.0,S2
1162,464596.4,5262396.0,2023-03-09,S233,Bog,113.9634,0.70519,47.0,S2
1163,464596.4,5262396.0,2023-03-17,S233,Bog,113.9634,0.70519,60.0,S2
1164,464596.4,5262396.0,2023-03-24,S233,Bog,113.9634,0.70519,68.0,S2
1165,464596.4,5262396.0,2023-03-31,S233,Bog,113.9634,0.70519,44.0,S2
1166,464596.4,5262396.0,2023-04-14,S233,Bog,113.9634,0.70519,18.0,S2
1167,464596.4,5262396.0,2023-04-28,S233,Bog,113.9634,0.70519,0.0,S2
1168,464596.4,5262396.0,2023-05-05,S233,Bog,113.9634,0.70519,0.0,S2
1169,464596.4,5262396.0,2023-12-01,S233,Bog,113.9634,0.70519,0.0,S2
1170,464596.4,5262396.0,2024-01-22,S233,Bog,113.9634,0.70519,11.0,S2
1171,464596.4,5262396.0,2024-01-31,S233,Bog,113.9634,0.70519,6.0,S2
1172,464596.4,5262396.0,2024-02-01,S233,Bog,113.9634,0.70519,1.0,S2
1173,464596.4,5262396.0,2024-02-09,S233,Bog,113.9634,0.70519,1.0,S2
1174,464596.4,5262396.0,2024-02-15,S233,Bog,113.9634,0.70519,1.0,S2
1175,464596.4,5262396.0,2024-02-21,S233,Bog,113.9634,0.70519,0.5,S2
1176,464596.4,5262396.0,2024-03-01,S233,Bog,113.9634,0.70519,0.5,S2
1177,464596.4,5262396.0,2024-03-06,S233,Bog,113.9634,0.70519,0.0,S2
1178,464596.4,5262396.0,2024-03-13,S233,Bog,113.9634,0.70519,0.0,S2
1179,464596.4,5262396.0,2024-03-21,S233,Bog,113.9634,0.70519,0.0,S2
1180,464596.4,5262396.0,2024-03-29,S233,Bog,113.9634,0.70519,21.0,S2
1181,464596.4,5262396.0,2024-04-03,S233,Bog,113.9634,0.70519,8.0,S2
1182,464596.4,5262396.0,2024-04-11,S233,Bog,113.9634,0.70519,0.0,S2
1183,464596.4,5262396.0,2024-04-19,S233,Bog,113.9634,0.70519,0.0,S2
1184,464596.4,5262396.0,2024-12-04,S233,Bog,113.9634,0.70519,9.0,S2
1185,464596.4,5262396.0,2024-12-20,S233,Bog,113.9634,0.70519,18.0,S2
1186,464596.4,5262396.0,2025-01-06,S233,Bog,113.9634,0.70519,13.0,S2
1187,464596.4,5262396.0,2025-01-10,S233,Bog,113.9634,0.70519,14.0,S2
1188,464596.4,5262396.0,2025-01-17,S233,Bog,113.9634,0.70519,22.0,S2
1189,464596.4,5262396.0,2025-01-24,S233,Bog,113.9634,0.70519,24.0,S2
1190,464596.4,5262396.0,2025-01-30,S233,Bog,113.9634,0.70519,25.0,S2
1191,464596.4,5262396.0,2025-02-07,S233,Bog,113.9634,0.70519,36.0,S2
1192,464596.4,5262396.0,2024-02-14,S233,Bog,113.9634,0.70519,31.0,S2
1193,464596.4,5262396.0,2025-02-21,S233,Bog,113.9634,0.70519,36.0,S2
1194,464596.4,5262396.0,2025-03-07,S233,Bog,113.9634,0.70519,16.0,S2
1195,464596.4,5262396.0,2025-03-13,S233,Bog,113.9634,0.70519,9.0,S2
1196,464596.4,5262396.0,2025-03-20,S233,Bog,113.9634,0.70519,15.0,S2
1197,464596.4,5262396.0,2025-03-27,S233,Bog,113.9634,0.70519,9.0,S2
1198,464596.4,5262396.0,2025-04-04,S233,Bog,113.9634,0.70519,7.0,S2
1199,464596.4,5262396.0,2025-04-10,S233,Bog,113.9634,0.70519,7.0,S2
1200,464596.4,5262448.0,2022-11-25,S234,Bog,180.0,0.28632,0.0,S2
1201,464596.4,5262448.0,2022-12-02,S234,Bog,180.0,0.28632,9.5,S2
1202,464596.4,5262448.0,2022-12-30,S234,Bog,180.0,0.28632,46.0,S2
1203,464596.4,5262448.0,2023-01-05,S234,Bog,180.0,0.28632,38.0,S2
1204,464596.4,5262448.0,2023-01-13,S234,Bog,180.0,0.28632,35.0,S2
1205,464596.4,5262448.0,2023-01-20,S234,Bog,180.0,0.28632,36.0,S2
1206,464596.4,5262448.0,2023-02-01,S234,Bog,180.0,0.28632,38.5,S2
1207,464596.4,5262448.0,2023-02-10,S234,Bog,180.0,0.28632,41.0,S2
1208,464596.4,5262448.0,2023-02-17,S234,Bog,180.0,0.28632,49.0,S2
1209,464596.4,5262448.0,2023-02-24,S234,Bog,180.0,0.28632,61.0,S2
1210,464596.4,5262448.0,2023-03-09,S234,Bog,180.0,0.28632,54.0,S2
1211,464596.4,5262448.0,2023-03-17,S234,Bog,180.0,0.28632,66.0,S2
1212,464596.4,5262448.0,2023-03-24,S234,Bog,180.0,0.28632,70.0,S2
1213,464596.4,5262448.0,2023-03-31,S234,Bog,180.0,0.28632,62.0,S2
1214,464596.4,5262448.0,2023-04-14,S234,Bog,180.0,0.28632,29.0,S2
1215,464596.4,5262448.0,2023-04-28,S234,Bog,180.0,0.28632,0.0,S2
1216,464596.4,5262448.0,2023-05-05,S234,Bog,180.0,0.28632,0.0,S2
1217,464596.4,5262448.0,2023-12-01,S234,Bog,180.0,0.28632,0.0,S2
1218,464596.4,5262448.0,2024-01-22,S234,Bog,180.0,0.28632,11.0,S2
1219,464596.4,5262448.0,2024-01-31,S234,Bog,180.0,0.28632,8.0,S2
1220,464596.4,5262448.0,2024-02-01,S234,Bog,180.0,0.28632,6.5,S2
1221,464596.4,5262448.0,2024-02-09,S234,Bog,180.0,0.28632,6.5,S2
1222,464596.4,5262448.0,2024-02-15,S234,Bog,180.0,0.28632,4.0,S2
1223,464596.4,5262448.0,2024-02-21,S234,Bog,180.0,0.28632,4.0,S2
1224,464596.4,5262448.0,2024-03-01,S234,Bog,180.0,0.28632,1.0,S2
1225,464596.4,5262448.0,2024-03-06,S234,Bog,180.0,0.28632,0.0,S2
1226,464596.4,5262448.0,2024-03-13,S234,Bog,180.0,0.28632,0.0,S2
1227,464596.4,5262448.0,2024-03-21,S234,Bog,180.0,0.28632,0.0,S2
1228,464596.4,5262448.0,2024-03-29,S234,Bog,180.0,0.28632,15.0,S2
1229,464596.4,5262448.0,2024-04-03,S234,Bog,180.0,0.28632,13.0,S2
1230,464596.4,5262448.0,2024-04-11,S234,Bog,180.0,0.28632,0.0,S2
1231,464596.4,5262448.0,2024-04-19,S234,Bog,180.0,0.28632,0.0,S2
1232,464596.4,5262448.0,2024-12-04,S234,Bog,180.0,0.28632,15.0,S2
1233,464596.4,5262448.0,2024-12-20,S234,Bog,180.0,0.28632,28.0,S2
1234,464596.4,5262448.0,2025-01-06,S234,Bog,180.0,0.28632,15.0,S2
1235,464596.4,5262448.0,2025-01-10,S234,Bog,180.0,0.28632,22.0,S2
1236,464596.4,5262448.0,2025-01-17,S234,Bog,180.0,0.28632,25.0,S2
1237,464596.4,5262448.0,2025-01-24,S234,Bog,180.0,0.28632,28.0,S2
1238,464596.4,5262448.0,2025-01-30,S234,Bog,180.0,0.28632,24.0,S2
1239,464596.4,5262448.0,2025-02-07,S234,Bog,180.0,0.28632,44.0,S2
1240,464596.4,5262448.0,2024-02-14,S234,Bog,180.0,0.28632,41.0,S2
1241,464596.4,5262448.0,2025-02-21,S234,Bog,180.0,0.28632,40.0,S2
1242,464596.4,5262448.0,2025-03-07,S234,Bog,180.0,0.28632,30.0,S2
1243,464596.4,5262448.0,2025-03-13,S234,Bog,180.0,0.28632,21.0,S2
1244,464596.4,5262448.0,2025-03-20,S234,Bog,180.0,0.28632,12.0,S2
1245,464596.4,5262448.0,2025-03-27,S234,Bog,180.0,0.28632,5.0,S2
1246,464596.4,5262448.0,2025-04-04,S234,Bog,180.0,0.28632,8.0,S2
1247,464596.4,5262448.0,2025-04-10,S234,Bog,180.0,0.28632,0.0,S2
1248,464596.4,5262500.0,2022-11-25,S235,Lagg,105.2713,0.40827,0.0,S2
1249,464596.4,5262500.0,2022-12-02,S235,Lagg,105.2713,0.40827,14.0,S2
1250,464596.4,5262500.0,2022-12-30,S235,Lagg,105.2713,0.40827,37.0,S2
1251,464596.4,5262500.0,2023-01-05,S235,Lagg,105.2713,0.40827,46.5,S2
1252,464596.4,5262500.0,2023-01-13,S235,Lagg,105.2713,0.40827,33.0,S2
1253,464596.4,5262500.0,2023-01-20,S235,Lagg,105.2713,0.40827,49.5,S2
1254,464596.4,5262500.0,2023-02-01,S235,Lagg,105.2713,0.40827,45.75,S2
1255,464596.4,5262500.0,2023-02-10,S235,Lagg,105.2713,0.40827,42.0,S2
1256,464596.4,5262500.0,2023-02-17,S235,Lagg,105.2713,0.40827,42.0,S2
1257,464596.4,5262500.0,2023-02-24,S235,Lagg,105.2713,0.40827,56.0,S2
1258,464596.4,5262500.0,2023-03-09,S235,Lagg,105.2713,0.40827,60.0,S2
1259,464596.4,5262500.0,2023-03-17,S235,Lagg,105.2713,0.40827,68.0,S2
1260,464596.4,5262500.0,2023-03-24,S235,Lagg,105.2713,0.40827,75.0,S2
1261,464596.4,5262500.0,2023-03-31,S235,Lagg,105.2713,0.40827,66.0,S2
1262,464596.4,5262500.0,2023-04-14,S235,Lagg,105.2713,0.40827,26.0,S2
1263,464596.4,5262500.0,2023-04-28,S235,Lagg,105.2713,0.40827,0.0,S2
1264,464596.4,5262500.0,2023-05-05,S235,Lagg,105.2713,0.40827,0.0,S2
1265,464596.4,5262500.0,2023-12-01,S235,Lagg,105.2713,0.40827,0.0,S2
1266,464596.4,5262500.0,2024-01-22,S235,Lagg,105.2713,0.40827,13.0,S2
1267,464596.4,5262500.0,2024-01-31,S235,Lagg,105.2713,0.40827,10.0,S2
1268,464596.4,5262500.0,2024-02-01,S235,Lagg,105.2713,0.40827,3.0,S2
1269,464596.4,5262500.0,2024-02-09,S235,Lagg,105.2713,0.40827,3.0,S2
1270,464596.4,5262500.0,2024-02-15,S235,Lagg,105.2713,0.40827,4.0,S2
1271,464596.4,5262500.0,2024-02-21,S235,Lagg,105.2713,0.40827,5.0,S2
1272,464596.4,5262500.0,2024-03-01,S235,Lagg,105.2713,0.40827,2.0,S2
1273,464596.4,5262500.0,2024-03-06,S235,Lagg,105.2713,0.40827,0.0,S2
1274,464596.4,5262500.0,2024-03-13,S235,Lagg,105.2713,0.40827,0.0,S2
1275,464596.4,5262500.0,2024-03-21,S235,Lagg,105.2713,0.40827,0.0,S2
1276,464596.4,5262500.0,2024-03-29,S235,Lagg,105.2713,0.40827,21.0,S2
1277,464596.4,5262500.0,2024-04-03,S235,Lagg,105.2713,0.40827,10.0,S2
1278,464596.4,5262500.0,2024-04-11,S235,Lagg,105.2713,0.40827,0.0,S2
1279,464596.4,5262500.0,2024-04-19,S235,Lagg,105.2713,0.40827,0.0,S2
1280,464596.4,5262500.0,2024-12-04,S235,Lagg,105.2713,0.40827,11.0,S2
1281,464596.4,5262500.0,2024-12-20,S235,Lagg,105.2713,0.40827,23.0,S2
1282,464596.4,5262500.0,2025-01-06,S235,Lagg,105.2713,0.40827,22.0,S2
1283,464596.4,5262500.0,2025-01-10,S235,Lagg,105.2713,0.40827,22.0,S2
1284,464596.4,5262500.0,2025-01-17,S235,Lagg,105.2713,0.40827,27.0,S2
1285,464596.4,5262500.0,2025-01-24,S235,Lagg,105.2713,0.40827,32.0,S2
1286,464596.4,5262500.0,2025-01-30,S235,Lagg,105.2713,0.40827,32.0,S2
1287,464596.4,5262500.0,2025-02-07,S235,Lagg,105.2713,0.40827,49.0,S2
1288,464596.4,5262500.0,2024-02-14,S235,Lagg,105.2713,0.40827,43.0,S2
1289,464596.4,5262500.0,2025-02-21,S235,Lagg,105.2713,0.40827,43.0,S2
1290,464596.4,5262500.0,2025-03-07,S235,Lagg,105.2713,0.40827,28.0,S2
1291,464596.4,5262500.0,2025-03-13,S235,Lagg,105.2713,0.40827,28.0,S2
1292,464596.4,5262500.0,2025-03-20,S235,Lagg,105.2713,0.40827,15.0,S2
1293,464596.4,5262500.0,2025-03-27,S235,Lagg,105.2713,0.40827,14.0,S2
1294,464596.4,5262500.0,2025-04-04,S235,Lagg,105.2713,0.40827,15.0,S2
1295,464596.4,5262500.0,2025-04-10,S235,Lagg,105.2713,0.40827,8.0,S2
1296,464596.4,5262552.0,2022-11-25,S236,Upland,4.635716,1.32895,0.0,S2
1297,464596.4,5262552.0,2022-12-02,S236,Upland,4.635716,1.32895,11.0,S2
1298,464596.4,5262552.0,2022-12-30,S236,Upland,4.635716,1.32895,29.0,S2
1299,464596.4,5262552.0,2023-01-05,S236,Upland,4.635716,1.32895,37.0,S2
1300,464596.4,5262552.0,2023-01-13,S236,Upland,4.635716,1.32895,33.0,S2
1301,464596.4,5262552.0,2023-01-20,S236,Upland,4.635716,1.32895,42.0,S2
1302,464596.4,5262552.0,2023-02-01,S236,Upland,4.635716,1.32895,42.5,S2
1303,464596.4,5262552.0,2023-02-10,S236,Upland,4.635716,1.32895,43.0,S2
1304,464596.4,5262552.0,2023-02-17,S236,Upland,4.635716,1.32895,40.0,S2
1305,464596.4,5262552.0,2023-02-24,S236,Upland,4.635716,1.32895,46.0,S2
1306,464596.4,5262552.0,2023-03-09,S236,Upland,4.635716,1.32895,48.0,S2
1307,464596.4,5262552.0,2023-03-17,S236,Upland,4.635716,1.32895,57.0,S2
1308,464596.4,5262552.0,2023-03-24,S236,Upland,4.635716,1.32895,56.5,S2
1309,464596.4,5262552.0,2023-03-31,S236,Upland,4.635716,1.32895,54.0,S2
1310,464596.4,5262552.0,2023-04-14,S236,Upland,4.635716,1.32895,13.0,S2
1311,464596.4,5262552.0,2023-04-28,S236,Upland,4.635716,1.32895,0.0,S2
1312,464596.4,5262552.0,2023-05-05,S236,Upland,4.635716,1.32895,0.0,S2
1313,464596.4,5262552.0,2023-12-01,S236,Upland,4.635716,1.32895,0.0,S2
1314,464596.4,5262552.0,2024-01-22,S236,Upland,4.635716,1.32895,15.0,S2
1315,464596.4,5262552.0,2024-01-31,S236,Upland,4.635716,1.32895,9.0,S2
1316,464596.4,5262552.0,2024-02-01,S236,Upland,4.635716,1.32895,2.0,S2
1317,464596.4,5262552.0,2024-02-09,S236,Upland,4.635716,1.32895,2.0,S2
1318,464596.4,5262552.0,2024-02-15,S236,Upland,4.635716,1.32895,2.0,S2
1319,464596.4,5262552.0,2024-02-21,S236,Upland,4.635716,1.32895,1.0,S2
1320,464596.4,5262552.0,2024-03-01,S236,Upland,4.635716,1.32895,1.0,S2
1321,464596.4,5262552.0,2024-03-06,S236,Upland,4.635716,1.32895,0.0,S2
1322,464596.4,5262552.0,2024-03-13,S236,Upland,4.635716,1.32895,0.0,S2
1323,464596.4,5262552.0,2024-03-21,S236,Upland,4.635716,1.32895,0.0,S2
1324,464596.4,5262552.0,2024-03-29,S236,Upland,4.635716,1.32895,18.0,S2
1325,464596.4,5262552.0,2024-04-03,S236,Upland,4.635716,1.32895,7.0,S2
1326,464596.4,5262552.0,2024-04-11,S236,Upland,4.635716,1.32895,0.0,S2
1327,464596.4,5262552.0,2024-04-19,S236,Upland,4.635716,1.32895,0.0,S2
1328,464596.4,5262552.0,2024-12-04,S236,Upland,4.635716,1.32895,11.0,S2
1329,464596.4,5262552.0,2024-12-20,S236,Upland,4.635716,1.32895,17.0,S2
1330,464596.4,5262552.0,2025-01-06,S236,Upland,4.635716,1.32895,11.0,S2
1331,464596.4,5262552.0,2025-01-10,S236,Upland,4.635716,1.32895,14.0,S2
1332,464596.4,5262552.0,2025-01-17,S236,Upland,4.635716,1.32895,19.0,S2
1333,464596.4,5262552.0,2025-01-24,S236,Upland,4.635716,1.32895,24.0,S2
1334,464596.4,5262552.0,2025-01-30,S236,Upland,4.635716,1.32895,24.0,S2
1335,464596.4,5262552.0,2025-02-07,S236,Upland,4.635716,1.32895,34.0,S2
1336,464596.4,5262552.0,2024-02-14,S236,Upland,4.635716,1.32895,33.0,S2
1337,464596.4,5262552.0,2025-02-21,S236,Upland,4.635716,1.32895,35.0,S2
1338,464596.4,5262552.0,2025-03-07,S236,Upland,4.635716,1.32895,17.0,S2
1339,464596.4,5262552.0,2025-03-13,S236,Upland,4.635716,1.32895,17.0,S2
1340,464596.4,5262552.0,2025-03-20,S236,Upland,4.635716,1.32895,1.0,S2
1341,464596.4,5262552.0,2025-03-27,S236,Upland,4.635716,1.32895,0.0,S2
1342,464596.4,5262552.0,2025-04-04,S236,Upland,4.635716,1.32895,9.0,S2
1343,464596.4,5262552.0,2025-04-10,S236,Upland,4.635716,1.32895,0.0,S2
1488,464522.2,5262396.0,2022-11-25,S243,Upland,50.67678,8.63669,0.0,S2
1489,464522.2,5262396.0,2022-12-02,S243,Upland,50.67678,8.63669,5.5,S2
1490,464522.2,5262396.0,2022-12-30,S243,Upland,50.67678,8.63669,36.5,S2
1491,464522.2,5262396.0,2023-01-05,S243,Upland,50.67678,8.63669,35.0,S2
1492,464522.2,5262396.0,2023-01-13,S243,Upland,50.67678,8.63669,34.0,S2
1493,464522.2,5262396.0,2023-01-20,S243,Upland,50.67678,8.63669,33.5,S2
1494,464522.2,5262396.0,2023-02-01,S243,Upland,50.67678,8.63669,38.25,S2
1495,464522.2,5262396.0,2023-02-10,S243,Upland,50.67678,8.63669,43.0,S2
1496,464522.2,5262396.0,2023-02-17,S243,Upland,50.67678,8.63669,40.0,S2
1497,464522.2,5262396.0,2023-02-24,S243,Upland,50.67678,8.63669,44.0,S2
1498,464522.2,5262396.0,2023-03-09,S243,Upland,50.67678,8.63669,41.5,S2
1499,464522.2,5262396.0,2023-03-17,S243,Upland,50.67678,8.63669,60.0,S2
1500,464522.2,5262396.0,2023-03-24,S243,Upland,50.67678,8.63669,66.0,S2
1501,464522.2,5262396.0,2023-03-31,S243,Upland,50.67678,8.63669,62.0,S2
1502,464522.2,5262396.0,2023-04-14,S243,Upland,50.67678,8.63669,15.0,S2
1503,464522.2,5262396.0,2023-04-28,S243,Upland,50.67678,8.63669,0.0,S2
1504,464522.2,5262396.0,2023-05-05,S243,Upland,50.67678,8.63669,0.0,S2
1505,464522.2,5262396.0,2023-12-01,S243,Upland,50.67678,8.63669,0.0,S2
1506,464522.2,5262396.0,2024-01-22,S243,Upland,50.67678,8.63669,11.0,S2
1507,464522.2,5262396.0,2024-01-31,S243,Upland,50.67678,8.63669,8.0,S2
1508,464522.2,5262396.0,2024-02-01,S243,Upland,50.67678,8.63669,1.0,S2
1509,464522.2,5262396.0,2024-02-09,S243,Upland,50.67678,8.63669,1.0,S2
1510,464522.2,5262396.0,2024-02-15,S243,Upland,50.67678,8.63669,3.0,S2
1511,464522.2,5262396.0,2024-02-21,S243,Upland,50.67678,8.63669,2.0,S2
1512,464522.2,5262396.0,2024-03-01,S243,Upland,50.67678,8.63669,0.5,S2
1513,464522.2,5262396.0,2024-03-06,S243,Upland,50.67678,8.63669,0.0,S2
1514,464522.2,5262396.0,2024-03-13,S243,Upland,50.67678,8.63669,0.0,S2
1515,464522.2,5262396.0,2024-03-21,S243,Upland,50.67678,8.63669,0.0,S2
1516,464522.2,5262396.0,2024-03-29,S243,Upland,50.67678,8.63669,19.0,S2
1517,464522.2,5262396.0,2024-04-03,S243,Upland,50.67678,8.63669,9.0,S2
1518,464522.2,5262396.0,2024-04-11,S243,Upland,50.67678,8.63669,0.0,S2
1519,464522.2,5262396.0,2024-04-19,S243,Upland,50.67678,8.63669,0.0,S2
1520,464522.2,5262396.0,2024-12-04,S243,Upland,50.67678,8.63669,10.0,S2
1521,464522.2,5262396.0,2024-12-20,S243,Upland,50.67678,8.63669,19.0,S2
1522,464522.2,5262396.0,2025-01-06,S243,Upland,50.67678,8.63669,12.0,S2
1523,464522.2,5262396.0,2025-01-10,S243,Upland,50.67678,8.63669,16.0,S2
1524,464522.2,5262396.0,2025-01-17,S243,Upland,50.67678,8.63669,18.0,S2
1525,464522.2,5262396.0,2025-01-24,S243,Upland,50.67678,8.63669,23.0,S2
1526,464522.2,5262396.0,2025-01-30,S243,Upland,50.67678,8.63669,21.0,S2
1527,464522.2,5262396.0,2025-02-07,S243,Upland,50.67678,8.63669,37.0,S2
1528,464522.2,5262396.0,2024-02-14,S243,Upland,50.67678,8.63669,35.0,S2
1529,464522.2,5262396.0,2025-02-21,S243,Upland,50.67678,8.63669,34.0,S2
1530,464522.2,5262396.0,2025-03-07,S243,Upland,50.67678,8.63669,20.0,S2
1531,464522.2,5262396.0,2025-03-13,S243,Upland,50.67678,8.63669,15.0,S2
1532,464522.2,5262396.0,2025-03-20,S243,Upland,50.67678,8.63669,6.0,S2
1533,464522.2,5262396.0,2025-03-27,S243,Upland,50.67678,8.63669,0.5,S2
1534,464522.2,5262396.0,2025-04-04,S243,Upland,50.67678,8.63669,8.0,S2
1535,464522.2,5262396.0,2025-04-10,S243,Upland,50.67678,8.63669,0.0,S2
1536,464522.2,5262448.0,2022-11-25,S244,Upland,355.6789,8.02736,0.0,S2
1537,464522.2,5262448.0,2022-12-02,S244,Upland,355.6789,8.02736,8.0,S2
1538,464522.2,5262448.0,2022-12-30,S244,Upland,355.6789,8.02736,27.5,S2
1539,464522.2,5262448.0,2023-01-05,S244,Upland,355.6789,8.02736,35.5,S2
1540,464522.2,5262448.0,2023-01-13,S244,Upland,355.6789,8.02736,38.0,S2
1541,464522.2,5262448.0,2023-01-20,S244,Upland,355.6789,8.02736,40.5,S2
1542,464522.2,5262448.0,2023-02-01,S244,Upland,355.6789,8.02736,43.25,S2
1543,464522.2,5262448.0,2023-02-10,S244,Upland,355.6789,8.02736,46.0,S2
1544,464522.2,5262448.0,2023-02-17,S244,Upland,355.6789,8.02736,45.0,S2
1545,464522.2,5262448.0,2023-02-24,S244,Upland,355.6789,8.02736,49.0,S2
1546,464522.2,5262448.0,2023-03-09,S244,Upland,355.6789,8.02736,47.5,S2
1547,464522.2,5262448.0,2023-03-17,S244,Upland,355.6789,8.02736,60.0,S2
1548,464522.2,5262448.0,2023-03-24,S244,Upland,355.6789,8.02736,65.0,S2
1549,464522.2,5262448.0,2023-03-31,S244,Upland,355.6789,8.02736,60.0,S2
1550,464522.2,5262448.0,2023-04-14,S244,Upland,355.6789,8.02736,18.0,S2
1551,464522.2,5262448.0,2023-04-28,S244,Upland,355.6789,8.02736,0.0,S2
1552,464522.2,5262448.0,2023-05-05,S244,Upland,355.6789,8.02736,0.0,S2
1553,464522.2,5262448.0,2023-12-01,S244,Upland,355.6789,8.02736,0.0,S2
1554,464522.2,5262448.0,2024-01-22,S244,Upland,355.6789,8.02736,10.0,S2
1555,464522.2,5262448.0,2024-01-31,S244,Upland,355.6789,8.02736,9.0,S2
1556,464522.2,5262448.0,2024-02-01,S244,Upland,355.6789,8.02736,1.0,S2
1557,464522.2,5262448.0,2024-02-09,S244,Upland,355.6789,8.02736,1.0,S2
1558,464522.2,5262448.0,2024-02-15,S244,Upland,355.6789,8.02736,2.0,S2
1559,464522.2,5262448.0,2024-02-21,S244,Upland,355.6789,8.02736,3.0,S2
1560,464522.2,5262448.0,2024-03-01,S244,Upland,355.6789,8.02736,0.5,S2
1561,464522.2,5262448.0,2024-03-06,S244,Upland,355.6789,8.02736,0.0,S2
1562,464522.2,5262448.0,2024-03-13,S244,Upland,355.6789,8.02736,0.0,S2
1563,464522.2,5262448.0,2024-03-21,S244,Upland,355.6789,8.02736,0.0,S2
1564,464522.2,5262448.0,2024-03-29,S244,Upland,355.6789,8.02736,15.0,S2
1565,464522.2,5262448.0,2024-04-03,S244,Upland,355.6789,8.02736,6.0,S2
1566,464522.2,5262448.0,2024-04-11,S244,Upland,355.6789,8.02736,0.0,S2
1567,464522.2,5262448.0,2024-04-19,S244,Upland,355.6789,8.02736,0.0,S2
1568,464522.2,5262448.0,2024-12-04,S244,Upland,355.6789,8.02736,8.0,S2
1569,464522.2,5262448.0,2024-12-20,S244,Upland,355.6789,8.02736,19.0,S2
1570,464522.2,5262448.0,2025-01-06,S244,Upland,355.6789,8.02736,13.0,S2
1571,464522.2,5262448.0,2025-01-10,S244,Upland,355.6789,8.02736,14.0,S2
1572,464522.2,5262448.0,2025-01-17,S244,Upland,355.6789,8.02736,28.0,S2
1573,464522.2,5262448.0,2025-01-24,S244,Upland,355.6789,8.02736,23.0,S2
1574,464522.2,5262448.0,2025-01-30,S244,Upland,355.6789,8.02736,21.0,S2
1575,464522.2,5262448.0,2025-02-07,S244,Upland,355.6789,8.02736,36.0,S2
1576,464522.2,5262448.0,2024-02-14,S244,Upland,355.6789,8.02736,34.0,S2
1577,464522.2,5262448.0,2025-02-21,S244,Upland,355.6789,8.02736,38.0,S2
1578,464522.2,5262448.0,2025-03-07,S244,Upland,355.6789,8.02736,25.0,S2
1579,464522.2,5262448.0,2025-03-13,S244,Upland,355.6789,8.02736,19.0,S2
1580,464522.2,5262448.0,2025-03-20,S244,Upland,355.6789,8.02736,6.0,S2
1581,464522.2,5262448.0,2025-03-27,S244,Upland,355.6789,8.02736,7.0,S2
1582,464522.2,5262448.0,2025-04-04,S244,Upland,355.6789,8.02736,12.0,S2
1583,464522.2,5262448.0,2025-04-10,S244,Upland,355.6789,8.02736,4.0,S2
1584,464522.2,5262500.0,2022-11-25,S245,Upland,21.695,3.57951,0.0,S2
1585,464522.2,5262500.0,2022-12-02,S245,Upland,21.695,3.57951,9.0,S2
1586,464522.2,5262500.0,2022-12-30,S245,Upland,21.695,3.57951,33.0,S2
1587,464522.2,5262500.0,2023-01-05,S245,Upland,21.695,3.57951,37.0,S2
1588,464522.2,5262500.0,2023-01-13,S245,Upland,21.695,3.57951,36.0,S2
1589,464522.2,5262500.0,2023-01-20,S245,Upland,21.695,3.57951,37.5,S2
1590,464522.2,5262500.0,2023-02-01,S245,Upland,21.695,3.57951,40.25,S2
1591,464522.2,5262500.0,2023-02-10,S245,Upland,21.695,3.57951,44.0,S2
1592,464522.2,5262500.0,2023-02-17,S245,Upland,21.695,3.57951,42.0,S2
1593,464522.2,5262500.0,2023-02-24,S245,Upland,21.695,3.57951,48.0,S2
1594,464522.2,5262500.0,2023-03-09,S245,Upland,21.695,3.57951,48.5,S2
1595,464522.2,5262500.0,2023-03-17,S245,Upland,21.695,3.57951,52.0,S2
1596,464522.2,5262500.0,2023-03-24,S245,Upland,21.695,3.57951,55.0,S2
1597,464522.2,5262500.0,2023-03-31,S245,Upland,21.695,3.57951,59.0,S2
1598,464522.2,5262500.0,2023-04-14,S245,Upland,21.695,3.57951,9.0,S2
1599,464522.2,5262500.0,2023-04-28,S245,Upland,21.695,3.57951,0.0,S2
1600,464522.2,5262500.0,2023-05-05,S245,Upland,21.695,3.57951,0.0,S2
1601,464522.2,5262500.0,2023-12-01,S245,Upland,21.695,3.57951,0.0,S2
1602,464522.2,5262500.0,2024-01-22,S245,Upland,21.695,3.57951,12.0,S2
1603,464522.2,5262500.0,2024-01-31,S245,Upland,21.695,3.57951,8.0,S2
1604,464522.2,5262500.0,2024-02-01,S245,Upland,21.695,3.57951,0.5,S2
1605,464522.2,5262500.0,2024-02-09,S245,Upland,21.695,3.57951,0.5,S2
1606,464522.2,5262500.0,2024-02-15,S245,Upland,21.695,3.57951,2.0,S2
1607,464522.2,5262500.0,2024-02-21,S245,Upland,21.695,3.57951,0.5,S2
1608,464522.2,5262500.0,2024-03-01,S245,Upland,21.695,3.57951,1.0,S2
1609,464522.2,5262500.0,2024-03-06,S245,Upland,21.695,3.57951,0.0,S2
1610,464522.2,5262500.0,2024-03-13,S245,Upland,21.695,3.57951,0.0,S2
1611,464522.2,5262500.0,2024-03-21,S245,Upland,21.695,3.57951,0.0,S2
1612,464522.2,5262500.0,2024-03-29,S245,Upland,21.695,3.57951,23.0,S2
1613,464522.2,5262500.0,2024-04-03,S245,Upland,21.695,3.57951,12.0,S2
1614,464522.2,5262500.0,2024-04-11,S245,Upland,21.695,3.57951,0.0,S2
1615,464522.2,5262500.0,2024-04-19,S245,Upland,21.695,3.57951,0.0,S2
1616,464522.2,5262500.0,2024-12-04,S245,Upland,21.695,3.57951,11.0,S2
1617,464522.2,5262500.0,2024-12-20,S245,Upland,21.695,3.57951,20.0,S2
1618,464522.2,5262500.0,2025-01-06,S245,Upland,21.695,3.57951,15.0,S2
1619,464522.2,5262500.0,2025-01-10,S245,Upland,21.695,3.57951,15.0,S2
1620,464522.2,5262500.0,2025-01-17,S245,Upland,21.695,3.57951,21.0,S2
1621,464522.2,5262500.0,2025-01-24,S245,Upland,21.695,3.57951,28.0,S2
1622,464522.2,5262500.0,2025-01-30,S245,Upland,21.695,3.57951,24.0,S2
1623,464522.2,5262500.0,2025-02-07,S245,Upland,21.695,3.57951,33.0,S2
1624,464522.2,5262500.0,2024-02-14,S245,Upland,21.695,3.57951,34.0,S2
1625,464522.2,5262500.0,2025-02-21,S245,Upland,21.695,3.57951,33.0,S2
1626,464522.2,5262500.0,2025-03-07,S245,Upland,21.695,3.57951,26.0,S2
1627,464522.2,5262500.0,2025-03-13,S245,Upland,21.695,3.57951,11.0,S2
1628,464522.2,5262500.0,2025-03-20,S245,Upland,21.695,3.57951,4.0,S2
1629,464522.2,5262500.0,2025-03-27,S245,Upland,21.695,3.57951,7.0,S2
1630,464522.2,5262500.0,2025-04-04,S245,Upland,21.695,3.57951,10.0,S2
1631,464522.2,5262500.0,2025-04-10,S245,Upland,21.695,3.57951,0.0,S2
1632,464522.2,5262552.0,2022-11-25,S246,Upland,308.4806,5.336709,0.0,S2
1633,464522.2,5262552.0,2022-12-02,S246,Upland,308.4806,5.336709,4.0,S2
1634,464522.2,5262552.0,2022-12-30,S246,Upland,308.4806,5.336709,35.0,S2
1635,464522.2,5262552.0,2023-01-05,S246,Upland,308.4806,5.336709,35.0,S2
1636,464522.2,5262552.0,2023-01-13,S246,Upland,308.4806,5.336709,37.0,S2
1637,464522.2,5262552.0,2023-01-20,S246,Upland,308.4806,5.336709,36.0,S2
1638,464522.2,5262552.0,2023-02-01,S246,Upland,308.4806,5.336709,40.0,S2
1639,464522.2,5262552.0,2023-02-10,S246,Upland,308.4806,5.336709,44.0,S2
1640,464522.2,5262552.0,2023-02-17,S246,Upland,308.4806,5.336709,40.0,S2
1641,464522.2,5262552.0,2023-02-24,S246,Upland,308.4806,5.336709,50.0,S2
1642,464522.2,5262552.0,2023-03-09,S246,Upland,308.4806,5.336709,48.0,S2
1643,464522.2,5262552.0,2023-03-17,S246,Upland,308.4806,5.336709,59.0,S2
1644,464522.2,5262552.0,2023-03-24,S246,Upland,308.4806,5.336709,65.0,S2
1645,464522.2,5262552.0,2023-03-31,S246,Upland,308.4806,5.336709,57.0,S2
1646,464522.2,5262552.0,2023-04-14,S246,Upland,308.4806,5.336709,10.0,S2
1647,464522.2,5262552.0,2023-04-28,S246,Upland,308.4806,5.336709,0.0,S2
1648,464522.2,5262552.0,2023-05-05,S246,Upland,308.4806,5.336709,0.0,S2
1649,464522.2,5262552.0,2023-12-01,S246,Upland,308.4806,5.336709,0.0,S2
1650,464522.2,5262552.0,2024-01-22,S246,Upland,308.4806,5.336709,11.0,S2
1651,464522.2,5262552.0,2024-01-31,S246,Upland,308.4806,5.336709,6.0,S2
1652,464522.2,5262552.0,2024-02-01,S246,Upland,308.4806,5.336709,0.5,S2
1653,464522.2,5262552.0,2024-02-09,S246,Upland,308.4806,5.336709,0.5,S2
1654,464522.2,5262552.0,2024-02-15,S246,Upland,308.4806,5.336709,2.0,S2
1655,464522.2,5262552.0,2024-02-21,S246,Upland,308.4806,5.336709,0.0,S2
1656,464522.2,5262552.0,2024-03-01,S246,Upland,308.4806,5.336709,0.5,S2
1657,464522.2,5262552.0,2024-03-06,S246,Upland,308.4806,5.336709,0.0,S2
1658,464522.2,5262552.0,2024-03-13,S246,Upland,308.4806,5.336709,0.0,S2
1659,464522.2,5262552.0,2024-03-21,S246,Upland,308.4806,5.336709,0.0,S2
1660,464522.2,5262552.0,2024-03-29,S246,Upland,308.4806,5.336709,20.0,S2
1661,464522.2,5262552.0,2024-04-03,S246,Upland,308.4806,5.336709,8.0,S2
1662,464522.2,5262552.0,2024-04-11,S246,Upland,308.4806,5.336709,0.0,S2
1663,464522.2,5262552.0,2024-04-19,S246,Upland,308.4806,5.336709,0.0,S2
1664,464522.2,5262552.0,2024-12-04,S246,Upland,308.4806,5.336709,10.0,S2
1665,464522.2,5262552.0,2024-12-20,S246,Upland,308.4806,5.336709,15.0,S2
1666,464522.2,5262552.0,2025-01-06,S246,Upland,308.4806,5.336709,12.0,S2
1667,464522.2,5262552.0,2025-01-10,S246,Upland,308.4806,5.336709,16.0,S2
1668,464522.2,5262552.0,2025-01-17,S246,Upland,308.4806,5.336709,20.0,S2
1669,464522.2,5262552.0,2025-01-24,S246,Upland,308.4806,5.336709,23.0,S2
1670,464522.2,5262552.0,2025-01-30,S246,Upland,308.4806,5.336709,21.0,S2
1671,464522.2,5262552.0,2025-02-07,S246,Upland,308.4806,5.336709,35.0,S2
1672,464522.2,5262552.0,2024-02-14,S246,Upland,308.4806,5.336709,30.0,S2
1673,464522.2,5262552.0,2025-02-21,S246,Upland,308.4806,5.336709,33.0,S2
1674,464522.2,5262552.0,2025-03-07,S246,Upland,308.4806,5.336709,17.0,S2
1675,464522.2,5262552.0,2025-03-13,S246,Upland,308.4806,5.336709,17.0,S2
1676,464522.2,5262552.0,2025-03-20,S246,Upland,308.4806,5.336709,0.0,S2
1677,464522.2,5262552.0,2025-03-27,S246,Upland,308.4806,5.336709,0.0,S2
1678,464522.2,5262552.0,2025-04-04,S246,Upland,308.4806,5.336709,8.0,S2
1679,464522.2,5262552.0,2025-04-10,S246,Upland,308.4806,5.336709,0.0,S2
1872,464448.0,5262448.0,2022-11-25,S254,Upland,225.0,0.96229,0.0,S2
1873,464448.0,5262448.0,2022-12-02,S254,Upland,225.0,0.96229,12.0,S2
1874,464448.0,5262448.0,2022-12-30,S254,Upland,225.0,0.96229,24.5,S2
1875,464448.0,5262448.0,2023-01-05,S254,Upland,225.0,0.96229,33.0,S2
1876,464448.0,5262448.0,2023-01-13,S254,Upland,225.0,0.96229,32.0,S2
1877,464448.0,5262448.0,2023-01-20,S254,Upland,225.0,0.96229,38.5,S2
1878,464448.0,5262448.0,2023-02-01,S254,Upland,225.0,0.96229,38.75,S2
1879,464448.0,5262448.0,2023-02-10,S254,Upland,225.0,0.96229,39.0,S2
1880,464448.0,5262448.0,2023-02-17,S254,Upland,225.0,0.96229,37.0,S2
1881,464448.0,5262448.0,2023-02-24,S254,Upland,225.0,0.96229,44.0,S2
1882,464448.0,5262448.0,2023-03-09,S254,Upland,225.0,0.96229,46.0,S2
1883,464448.0,5262448.0,2023-03-17,S254,Upland,225.0,0.96229,60.0,S2
1884,464448.0,5262448.0,2023-03-24,S254,Upland,225.0,0.96229,59.0,S2
1885,464448.0,5262448.0,2023-03-31,S254,Upland,225.0,0.96229,48.0,S2
1886,464448.0,5262448.0,2023-04-14,S254,Upland,225.0,0.96229,6.0,S2
1887,464448.0,5262448.0,2023-04-28,S254,Upland,225.0,0.96229,0.0,S2
1888,464448.0,5262448.0,2023-05-05,S254,Upland,225.0,0.96229,0.0,S2
1889,464448.0,5262448.0,2023-12-01,S254,Upland,225.0,0.96229,0.0,S2
1890,464448.0,5262448.0,2024-01-22,S254,Upland,225.0,0.96229,12.0,S2
1891,464448.0,5262448.0,2024-01-31,S254,Upland,225.0,0.96229,9.0,S2
1892,464448.0,5262448.0,2024-02-01,S254,Upland,225.0,0.96229,1.0,S2
1893,464448.0,5262448.0,2024-02-09,S254,Upland,225.0,0.96229,1.0,S2
1894,464448.0,5262448.0,2024-02-15,S254,Upland,225.0,0.96229,0.5,S2
1895,464448.0,5262448.0,2024-02-21,S254,Upland,225.0,0.96229,0.0,S2
1896,464448.0,5262448.0,2024-03-01,S254,Upland,225.0,0.96229,0.5,S2
1897,464448.0,5262448.0,2024-03-06,S254,Upland,225.0,0.96229,0.0,S2
1898,464448.0,5262448.0,2024-03-13,S254,Upland,225.0,0.96229,0.0,S2
1899,464448.0,5262448.0,2024-03-21,S254,Upland,225.0,0.96229,0.0,S2
1900,464448.0,5262448.0,2024-03-29,S254,Upland,225.0,0.96229,18.0,S2
1901,464448.0,5262448.0,2024-04-03,S254,Upland,225.0,0.96229,8.0,S2
1902,464448.0,5262448.0,2024-04-11,S254,Upland,225.0,0.96229,0.0,S2
1903,464448.0,5262448.0,2024-04-19,S254,Upland,225.0,0.96229,0.0,S2
1904,464448.0,5262448.0,2024-12-04,S254,Upland,225.0,0.96229,11.0,S2
1905,464448.0,5262448.0,2024-12-20,S254,Upland,225.0,0.96229,19.0,S2
1906,464448.0,5262448.0,2025-01-06,S254,Upland,225.0,0.96229,13.0,S2
1907,464448.0,5262448.0,2025-01-10,S254,Upland,225.0,0.96229,17.0,S2
1908,464448.0,5262448.0,2025-01-17,S254,Upland,225.0,0.96229,21.0,S2
1909,464448.0,5262448.0,2025-01-24,S254,Upland,225.0,0.96229,25.0,S2
1910,464448.0,5262448.0,2025-01-30,S254,Upland,225.0,0.96229,23.0,S2
1911,464448.0,5262448.0,2025-02-07,S254,Upland,225.0,0.96229,35.0,S2
1912,464448.0,5262448.0,2024-02-14,S254,Upland,225.0,0.96229,34.0,S2
1913,464448.0,5262448.0,2025-02-21,S254,Upland,225.0,0.96229,36.0,S2
1914,464448.0,5262448.0,2025-03-07,S254,Upland,225.0,0.96229,17.0,S2
1915,464448.0,5262448.0,2025-03-13,S254,Upland,225.0,0.96229,9.0,S2
1916,464448.0,5262448.0,2025-03-20,S254,Upland,225.0,0.96229,0.5,S2
1917,464448.0,5262448.0,2025-03-27,S254,Upland,225.0,0.96229,0.0,S2
1918,464448.0,5262448.0,2025-04-04,S254,Upland,225.0,0.96229,7.0,S2
1919,464448.0,5262448.0,2025-04-10,S254,Upland,225.0,0.96229,0.0,S2
1920,464448.0,5262500.0,2022-11-25,S255,Upland,0.008743,1.43197,0.0,S2
1921,464448.0,5262500.0,2022-12-02,S255,Upland,0.008743,1.43197,5.0,S2
1922,464448.0,5262500.0,2022-12-30,S255,Upland,0.008743,1.43197,24.0,S2
1923,464448.0,5262500.0,2023-01-05,S255,Upland,0.008743,1.43197,32.5,S2
1924,464448.0,5262500.0,2023-01-13,S255,Upland,0.008743,1.43197,30.0,S2
1925,464448.0,5262500.0,2023-01-20,S255,Upland,0.008743,1.43197,36.0,S2
1926,464448.0,5262500.0,2023-02-01,S255,Upland,0.008743,1.43197,37.0,S2
1927,464448.0,5262500.0,2023-02-10,S255,Upland,0.008743,1.43197,38.0,S2
1928,464448.0,5262500.0,2023-02-17,S255,Upland,0.008743,1.43197,32.0,S2
1929,464448.0,5262500.0,2023-02-24,S255,Upland,0.008743,1.43197,46.0,S2
1930,464448.0,5262500.0,2023-03-09,S255,Upland,0.008743,1.43197,38.0,S2
1931,464448.0,5262500.0,2023-03-17,S255,Upland,0.008743,1.43197,53.0,S2
1932,464448.0,5262500.0,2023-03-24,S255,Upland,0.008743,1.43197,57.0,S2
1933,464448.0,5262500.0,2023-03-31,S255,Upland,0.008743,1.43197,54.0,S2
1934,464448.0,5262500.0,2023-04-14,S255,Upland,0.008743,1.43197,5.0,S2
1935,464448.0,5262500.0,2023-04-28,S255,Upland,0.008743,1.43197,0.0,S2
1936,464448.0,5262500.0,2023-05-05,S255,Upland,0.008743,1.43197,0.0,S2
1937,464448.0,5262500.0,2023-12-01,S255,Upland,0.008743,1.43197,0.0,S2
1938,464448.0,5262500.0,2024-01-22,S255,Upland,0.008743,1.43197,11.0,S2
1939,464448.0,5262500.0,2024-01-31,S255,Upland,0.008743,1.43197,8.0,S2
1940,464448.0,5262500.0,2024-02-01,S255,Upland,0.008743,1.43197,0.5,S2
1941,464448.0,5262500.0,2024-02-09,S255,Upland,0.008743,1.43197,0.5,S2
1942,464448.0,5262500.0,2024-02-15,S255,Upland,0.008743,1.43197,2.0,S2
1943,464448.0,5262500.0,2024-02-21,S255,Upland,0.008743,1.43197,0.0,S2
1944,464448.0,5262500.0,2024-03-01,S255,Upland,0.008743,1.43197,0.5,S2
1945,464448.0,5262500.0,2024-03-06,S255,Upland,0.008743,1.43197,0.0,S2
1946,464448.0,5262500.0,2024-03-13,S255,Upland,0.008743,1.43197,0.0,S2
1947,464448.0,5262500.0,2024-03-21,S255,Upland,0.008743,1.43197,0.0,S2
1948,464448.0,5262500.0,2024-03-29,S255,Upland,0.008743,1.43197,18.0,S2
1949,464448.0,5262500.0,2024-04-03,S255,Upland,0.008743,1.43197,6.0,S2
1950,464448.0,5262500.0,2024-04-11,S255,Upland,0.008743,1.43197,0.0,S2
1951,464448.0,5262500.0,2024-04-19,S255,Upland,0.008743,1.43197,0.0,S2
1952,464448.0,5262500.0,2024-12-04,S255,Upland,0.008743,1.43197,9.0,S2
1953,464448.0,5262500.0,2024-12-20,S255,Upland,0.008743,1.43197,9.5,S2
1954,464448.0,5262500.0,2025-01-06,S255,Upland,0.008743,1.43197,10.0,S2
1955,464448.0,5262500.0,2025-01-10,S255,Upland,0.008743,1.43197,12.0,S2
1956,464448.0,5262500.0,2025-01-17,S255,Upland,0.008743,1.43197,17.0,S2
1957,464448.0,5262500.0,2025-01-24,S255,Upland,0.008743,1.43197,20.0,S2
1958,464448.0,5262500.0,2025-01-30,S255,Upland,0.008743,1.43197,22.0,S2
1959,464448.0,5262500.0,2025-02-07,S255,Upland,0.008743,1.43197,35.0,S2
1960,464448.0,5262500.0,2024-02-14,S255,Upland,0.008743,1.43197,26.0,S2
1961,464448.0,5262500.0,2025-02-21,S255,Upland,0.008743,1.43197,29.0,S2
1962,464448.0,5262500.0,2025-03-07,S255,Upland,0.008743,1.43197,18.0,S2
1963,464448.0,5262500.0,2025-03-13,S255,Upland,0.008743,1.43197,8.0,S2
1964,464448.0,5262500.0,2025-03-20,S255,Upland,0.008743,1.43197,0.5,S2
1965,464448.0,5262500.0,2025-03-27,S255,Upland,0.008743,1.43197,4.75,S2
1966,464448.0,5262500.0,2025-04-04,S255,Upland,0.008743,1.43197,10.0,S2
1967,464448.0,5262500.0,2025-04-10,S255,Upland,0.008743,1.43197,0.0,S2
